,ID,Acronym,Name,Major_Region,Voxel_kom_2017,Voxel_so_2016,Voxel_oh_bef2014
0,997,root,root,,32387385,31958214,
1,8,grey,Basic cell groups and regions,,28774455,28623221,417724
2,567,CH,Cerebrum,,17656111,17458586,261163
3,688,CTX,Cerebral cortex,,14179177,14020151,211332
4,695,CTXpl,Cortical plate,,13609203,13504014,203603
5,315,Isocortex,Isocortex,Isocortex,7891055,7902806,121591
6,184,FRP,"Frontal pole, cerebral cortex",Isocortex,62227,61297,514
7,68,FRP1,"Frontal pole, layer 1",Isocortex,16219,16215,429
8,667,FRP2/3,"Frontal pole, layer 2/3",Isocortex,14978,14973,85
9,526157192,FRP5,"Frontal pole, layer 5",Isocortex,23779,23346,
10,526157196,FRP6a,"Frontal pole, layer 6a",Isocortex,7184,6704,
11,526322264,FRP6b,"Frontal pole, layer 6b",Isocortex,67,59,
12,500,MO,Somatomotor areas,Isocortex,1565276,1556330,21858
13,107,MO1,"Somatomotor areas, Layer 1",Isocortex,0,0,0
14,219,MO2/3,"Somatomotor areas, Layer 2/3",Isocortex,0,0,0
15,299,MO5,"Somatomotor areas, Layer 5",Isocortex,0,0,0
16,644,MO6a,"Somatomotor areas, Layer 6a",Isocortex,0,0,0
17,947,MO6b,"Somatomotor areas, Layer 6b",Isocortex,0,0,0
18,985,MOp,Primary motor area,Isocortex,726598,725674,11760
19,320,MOp1,"Primary motor area, Layer 1",Isocortex,85116,84943,1768
20,943,MOp2/3,"Primary motor area, Layer 2/3",Isocortex,236101,235810,3921
21,648,MOp5,"Primary motor area, Layer 5",Isocortex,209457,209289,3526
22,844,MOp6a,"Primary motor area, Layer 6a",Isocortex,184072,183879,2274
23,882,MOp6b,"Primary motor area, Layer 6b",Isocortex,11852,11753,271
24,993,MOs,Secondary motor area,Isocortex,838678,830656,10098
25,656,MOs1,"Secondary motor area, layer 1",Isocortex,148747,148624,2064
26,962,MOs2/3,"Secondary motor area, layer 2/3",Isocortex,243488,242891,3293
27,767,MOs5,"Secondary motor area, layer 5",Isocortex,289459,286795,3116
28,1021,MOs6a,"Secondary motor area, layer 6a",Isocortex,152198,147788,1507
29,1085,MOs6b,"Secondary motor area, layer 6b",Isocortex,4786,4558,118
30,453,SS,Somatosensory areas,Isocortex,2133260,2130944,36734
31,12993,SS1,"Somatosensory areas, layer 1",Isocortex,0,0,0
32,12994,SS2/3,"Somatosensory areas, layer 2/3",Isocortex,0,0,0
33,12995,SS4,"Somatosensory areas, layer 4",Isocortex,0,0,0
34,12996,SS5,"Somatosensory areas, layer 5",Isocortex,0,0,0
35,12997,SS6a,"Somatosensory areas, layer 6a",Isocortex,0,0,0
36,12998,SS6b,"Somatosensory areas, layer 6b",Isocortex,0,0,0
37,322,SSp,Primary somatosensory area,Isocortex,1555772,1554349,31005
38,793,SSp1,"Primary somatosensory area, layer 1",Isocortex,0,0,0
39,346,SSp2/3,"Primary somatosensory area, layer 2/3",Isocortex,0,0,0
40,865,SSp4,"Primary somatosensory area, layer 4",Isocortex,0,0,0
41,921,SSp5,"Primary somatosensory area, layer 5",Isocortex,0,0,0
42,686,SSp6a,"Primary somatosensory area, layer 6a",Isocortex,0,0,0
43,719,SSp6b,"Primary somatosensory area, layer 6b",Isocortex,0,0,0
44,353,SSp-n,"Primary somatosensory area, nose",Isocortex,193233,192717,1358
45,558,SSp-n1,"Primary somatosensory area, nose, layer 1",Isocortex,25941,25937,172
46,838,SSp-n2/3,"Primary somatosensory area, nose, layer 2/3",Isocortex,40982,40934,380
47,654,SSp-n4,"Primary somatosensory area, nose, layer 4",Isocortex,35076,34965,164
48,702,SSp-n5,"Primary somatosensory area, nose, layer 5",Isocortex,36290,36154,332
49,889,SSp-n6a,"Primary somatosensory area, nose, layer 6a",Isocortex,51512,51321,263
50,929,SSp-n6b,"Primary somatosensory area, nose, layer 6b",Isocortex,3432,3406,47
51,329,SSp-bfd,"Primary somatosensory area, barrel field",Isocortex,402576,401752,10306
52,981,SSp-bfd1,"Primary somatosensory area, barrel field, layer 1",Isocortex,53686,53562,1028
53,201,SSp-bfd2/3,"Primary somatosensory area, barrel field, layer 2/3",Isocortex,97044,96807,2981
54,1047,SSp-bfd4,"Primary somatosensory area, barrel field, layer 4",Isocortex,82089,81978,1350
55,1070,SSp-bfd5,"Primary somatosensory area, barrel field, layer 5",Isocortex,77323,77153,2457
56,1038,SSp-bfd6a,"Primary somatosensory area, barrel field, layer 6a",Isocortex,83045,82932,2175
57,1062,SSp-bfd6b,"Primary somatosensory area, barrel field, layer 6b",Isocortex,9389,9320,315
58,480149202,VISrll,Rostrolateral lateral visual area,Isocortex,0,0,
59,480149206,VISrll1,"Rostrolateral lateral visual area, layer 1",Isocortex,0,0,
60,480149210,VISrll2/3,"Rostrolateral lateral visual area, layer 2/3",Isocortex,0,0,
61,480149214,VISrll4,"Rostrolateral lateral visual area, layer 4",Isocortex,0,0,
62,480149218,VISrll5,"Rostrolateral lateral visual area,layer 5",Isocortex,0,0,
63,480149222,VISrll6a,"Rostrolateral lateral visual area, layer 6a",Isocortex,0,0,
64,480149226,VISrll6b,"Rostrolateral lateral visual area, layer 6b",Isocortex,0,0,
65,337,SSp-ll,"Primary somatosensory area, lower limb",Isocortex,150565,151197,3254
66,1030,SSp-ll1,"Primary somatosensory area, lower limb, layer 1",Isocortex,19151,19206,365
67,113,SSp-ll2/3,"Primary somatosensory area, lower limb, layer 2/3",Isocortex,41382,41505,836
68,1094,SSp-ll4,"Primary somatosensory area, lower limb, layer 4",Isocortex,17474,17537,316
69,1128,SSp-ll5,"Primary somatosensory area, lower limb, layer 5",Isocortex,35564,35706,891
70,478,SSp-ll6a,"Primary somatosensory area, lower limb, layer 6a",Isocortex,33771,34027,744
71,510,SSp-ll6b,"Primary somatosensory area, lower limb, layer 6b",Isocortex,3223,3216,102
72,345,SSp-m,"Primary somatosensory area, mouth",Isocortex,397621,396353,2924
73,878,SSp-m1,"Primary somatosensory area, mouth, layer 1",Isocortex,50090,50067,367
74,657,SSp-m2/3,"Primary somatosensory area, mouth, layer 2/3",Isocortex,95921,95769,807
75,950,SSp-m4,"Primary somatosensory area, mouth, layer 4",Isocortex,60615,60485,296
76,974,SSp-m5,"Primary somatosensory area, mouth, layer 5",Isocortex,77950,77662,799
77,1102,SSp-m6a,"Primary somatosensory area, mouth, layer 6a",Isocortex,105706,105119,565
78,2,SSp-m6b,"Primary somatosensory area, mouth, layer 6b",Isocortex,7339,7251,90
79,369,SSp-ul,"Primary somatosensory area, upper limb",Isocortex,241336,241443,5406
80,450,SSp-ul1,"Primary somatosensory area, upper limb, layer 1",Isocortex,29562,29562,591
81,854,SSp-ul2/3,"Primary somatosensory area, upper limb, layer 2/3",Isocortex,62626,62586,1525
82,577,SSp-ul4,"Primary somatosensory area, upper limb, layer 4",Isocortex,33490,33482,566
83,625,SSp-ul5,"Primary somatosensory area, upper limb, layer 5",Isocortex,50676,50710,1421
84,945,SSp-ul6a,"Primary somatosensory area, upper limb, layer 6a",Isocortex,60229,60350,1140
85,1026,SSp-ul6b,"Primary somatosensory area, upper limb, layer 6b",Isocortex,4753,4753,163
86,361,SSp-tr,"Primary somatosensory area, trunk",Isocortex,89647,89904,4799
87,1006,SSp-tr1,"Primary somatosensory area, trunk, layer 1",Isocortex,13081,13119,521
88,670,SSp-tr2/3,"Primary somatosensory area, trunk, layer 2/3",Isocortex,27121,27230,1374
89,1086,SSp-tr4,"Primary somatosensory area, trunk, layer 4",Isocortex,9766,9809,536
90,1111,SSp-tr5,"Primary somatosensory area, trunk, layer 5",Isocortex,22607,22646,1269
91,9,SSp-tr6a,"Primary somatosensory area, trunk, layer 6a",Isocortex,14877,14917,960
92,461,SSp-tr6b,"Primary somatosensory area, trunk, layer 6b",Isocortex,2195,2183,139
93,182305689,SSp-un,"Primary somatosensory area, unassigned",Isocortex,80794,80983,2958
94,182305693,SSp-un1,"Primary somatosensory area, unassigned, layer 1",Isocortex,10635,10658,368
95,182305697,SSp-un2/3,"Primary somatosensory area, unassigned, layer 2/3",Isocortex,21205,21256,808
96,182305701,SSp-un4,"Primary somatosensory area, unassigned, layer 4",Isocortex,12030,12060,250
97,182305705,SSp-un5,"Primary somatosensory area, unassigned, layer 5",Isocortex,16508,16548,897
98,182305709,SSp-un6a,"Primary somatosensory area, unassigned, layer 6a",Isocortex,18840,18898,578
99,182305713,SSp-un6b,"Primary somatosensory area, unassigned, layer 6b",Isocortex,1576,1563,57
100,378,SSs,Supplemental somatosensory area,Isocortex,577488,576595,5729
101,873,SSs1,"Supplemental somatosensory area, layer 1",Isocortex,79837,79912,704
102,806,SSs2/3,"Supplemental somatosensory area, layer 2/3",Isocortex,137269,137345,1449
103,1035,SSs4,"Supplemental somatosensory area, layer 4",Isocortex,74614,74636,674
104,1090,SSs5,"Supplemental somatosensory area, layer 5",Isocortex,139873,139445,1386
105,862,SSs6a,"Supplemental somatosensory area, layer 6a",Isocortex,132739,132210,1264
106,893,SSs6b,"Supplemental somatosensory area, layer 6b",Isocortex,13156,13047,252
107,1057,GU,Gustatory areas,Isocortex,113196,109254,2104
108,36,GU1,"Gustatory areas, layer 1",Isocortex,12588,12593,364
109,180,GU2/3,"Gustatory areas, layer 2/3",Isocortex,25735,25510,503
110,148,GU4,"Gustatory areas, layer 4",Isocortex,9427,9398,137
111,187,GU5,"Gustatory areas, layer 5",Isocortex,34860,33418,558
112,638,GU6a,"Gustatory areas, layer 6a",Isocortex,28068,25969,460
113,662,GU6b,"Gustatory areas, layer 6b",Isocortex,2518,2366,82
114,677,VISC,Visceral area,Isocortex,150619,142275,1793
115,897,VISC1,"Visceral area, layer 1",Isocortex,21663,21654,317
116,1106,VISC2/3,"Visceral area, layer 2/3",Isocortex,34556,33990,418
117,1010,VISC4,"Visceral area, layer 4",Isocortex,11677,11717,195
118,1058,VISC5,"Visceral area, layer 5",Isocortex,45196,42320,438
119,857,VISC6a,"Visceral area, layer 6a",Isocortex,34317,29886,375
120,849,VISC6b,"Visceral area, layer 6b",Isocortex,3210,2708,50
121,247,AUD,Auditory areas,Isocortex,371255,370218,7990
122,1011,AUDd,Dorsal auditory area,Isocortex,77718,77588,2556
123,527,AUDd1,"Dorsal auditory area, layer 1",Isocortex,12598,12566,316
124,600,AUDd2/3,"Dorsal auditory area, layer 2/3",Isocortex,20957,20951,708
125,678,AUDd4,"Dorsal auditory area, layer 4",Isocortex,8479,8479,284
126,252,AUDd5,"Dorsal auditory area, layer 5",Isocortex,21944,21915,705
127,156,AUDd6a,"Dorsal auditory area, layer 6a",Isocortex,11802,11758,436
128,243,AUDd6b,"Dorsal auditory area, layer 6b",Isocortex,1938,1919,107
129,480149230,VISlla,Laterolateral anterior visual area,Isocortex,0,0,
130,480149234,VISlla1,"Laterolateral anterior visual area, layer 1",Isocortex,0,0,
131,480149238,VISlla2/3,"Laterolateral anterior visual area, layer 2/3",Isocortex,0,0,
132,480149242,VISlla4,"Laterolateral anterior visual area, layer 4",Isocortex,0,0,
133,480149246,VISlla5,"Laterolateral anterior visual area,layer 5",Isocortex,0,0,
134,480149250,VISlla6a,"Laterolateral anterior visual area, layer 6a",Isocortex,0,0,
135,480149254,VISlla6b,"Laterolateral anterior visual area, layer 6b",Isocortex,0,0,
136,1002,AUDp,Primary auditory area,Isocortex,137716,137492,2689
137,735,AUDp1,"Primary auditory area, layer 1",Isocortex,24226,24274,342
138,251,AUDp2/3,"Primary auditory area, layer 2/3",Isocortex,30166,30169,749
139,816,AUDp4,"Primary auditory area, layer 4",Isocortex,15023,15000,318
140,847,AUDp5,"Primary auditory area, layer 5",Isocortex,45730,45600,756
141,954,AUDp6a,"Primary auditory area, layer 6a",Isocortex,19087,18991,440
142,1005,AUDp6b,"Primary auditory area, layer 6b",Isocortex,3484,3458,84
143,1027,AUDpo,Posterior auditory area,Isocortex,39164,38920,191
144,696,AUDpo1,"Posterior auditory area, layer 1",Isocortex,7221,7166,26
145,643,AUDpo2/3,"Posterior auditory area, layer 2/3",Isocortex,9377,9341,59
146,759,AUDpo4,"Posterior auditory area, layer 4",Isocortex,4768,4739,22
147,791,AUDpo5,"Posterior auditory area, layer 5",Isocortex,11609,11530,60
148,249,AUDpo6a,"Posterior auditory area, layer 6a",Isocortex,5049,5031,22
149,456,AUDpo6b,"Posterior auditory area, layer 6b",Isocortex,1140,1113,2
150,1018,AUDv,Ventral auditory area,Isocortex,116657,116218,2554
151,959,AUDv1,"Ventral auditory area, layer 1",Isocortex,18571,18610,351
152,755,AUDv2/3,"Ventral auditory area, layer 2/3",Isocortex,24722,24816,599
153,990,AUDv4,"Ventral auditory area, layer 4",Isocortex,13693,13715,296
154,1023,AUDv5,"Ventral auditory area, layer 5",Isocortex,38671,38380,760
155,520,AUDv6a,"Ventral auditory area, layer 6a",Isocortex,18104,17850,457
156,598,AUDv6b,"Ventral auditory area, layer 6b",Isocortex,2896,2847,91
157,669,VIS,Visual areas,Isocortex,861383,851480,12827
158,801,VIS1,"Visual areas, layer 1",Isocortex,0,0,0
159,561,VIS2/3,"Visual areas, layer 2/3",Isocortex,0,0,0
160,913,VIS4,"Visual areas, layer 4",Isocortex,0,0,0
161,937,VIS5,"Visual areas, layer 5",Isocortex,0,0,0
162,457,VIS6a,"Visual areas, layer 6a",Isocortex,0,0,0
163,497,VIS6b,"Visual areas, layer 6b",Isocortex,0,0,0
164,402,VISal,Anterolateral visual area,Isocortex,48435,48266,1981
165,1074,VISal1,"Anterolateral visual area, layer 1",Isocortex,7502,7467,276
166,905,VISal2/3,"Anterolateral visual area, layer 2/3",Isocortex,12714,12670,548
167,1114,VISal4,"Anterolateral visual area, layer 4",Isocortex,6639,6620,228
168,233,VISal5,"Anterolateral visual area, layer 5",Isocortex,13011,12961,579
169,601,VISal6a,"Anterolateral visual area, layer 6a",Isocortex,7147,7130,298
170,649,VISal6b,"Anterolateral visual area, layer 6b",Isocortex,1422,1418,52
171,394,VISam,Anteromedial visual area,Isocortex,50601,50702,1795
172,281,VISam1,"Anteromedial visual area, layer 1",Isocortex,8602,8623,294
173,1066,VISam2/3,"Anteromedial visual area, layer 2/3",Isocortex,13301,13304,463
174,401,VISam4,"Anteromedial visual area, layer 4",Isocortex,3859,3863,181
175,433,VISam5,"Anteromedial visual area, layer 5",Isocortex,14542,14565,477
176,1046,VISam6a,"Anteromedial visual area, layer 6a",Isocortex,8702,8746,323
177,441,VISam6b,"Anteromedial visual area, layer 6b",Isocortex,1595,1601,57
178,409,VISl,Lateral visual area,Isocortex,78459,79135,880
179,421,VISl1,"Lateral visual area, layer 1",Isocortex,11854,11840,110
180,973,VISl2/3,"Lateral visual area, layer 2/3",Isocortex,19298,19326,251
181,573,VISl4,"Lateral visual area, layer 4",Isocortex,11472,11518,105
182,613,VISl5,"Lateral visual area, layer 5",Isocortex,20110,20414,241
183,74,VISl6a,"Lateral visual area, layer 6a",Isocortex,13260,13526,146
184,121,VISl6b,"Lateral visual area, layer 6b",Isocortex,2465,2511,27
185,385,VISp,Primary visual area,Isocortex,452664,455143,6227
186,593,VISp1,"Primary visual area, layer 1",Isocortex,80747,80682,889
187,821,VISp2/3,"Primary visual area, layer 2/3",Isocortex,127983,127971,1878
188,721,VISp4,"Primary visual area, layer 4",Isocortex,65560,65705,832
189,778,VISp5,"Primary visual area, layer 5",Isocortex,99343,99820,1595
190,33,VISp6a,"Primary visual area, layer 6a",Isocortex,68387,70303,921
191,305,VISp6b,"Primary visual area, layer 6b",Isocortex,10644,10662,112
192,425,VISpl,Posterolateral visual area,Isocortex,50745,42524,679
193,750,VISpl1,"Posterolateral visual area, layer 1",Isocortex,12115,10034,92
194,269,VISpl2/3,"Posterolateral visual area, layer 2/3",Isocortex,13341,10816,198
195,869,VISpl4,"Posterolateral visual area, layer 4",Isocortex,2308,3923,79
196,902,VISpl5,"Posterolateral visual area, layer 5",Isocortex,15560,12965,195
197,377,VISpl6a,"Posterolateral visual area, layer 6a",Isocortex,6870,4428,107
198,393,VISpl6b,"Posterolateral visual area, layer 6b",Isocortex,551,358,8
199,533,VISpm,posteromedial visual area,Isocortex,66859,67065,1265
200,805,VISpm1,"posteromedial visual area, layer 1",Isocortex,12049,12074,225
201,41,VISpm2/3,"posteromedial visual area, layer 2/3",Isocortex,18770,18883,419
202,501,VISpm4,"posteromedial visual area, layer 4",Isocortex,6309,6332,117
203,565,VISpm5,"posteromedial visual area, layer 5",Isocortex,18275,18303,286
204,257,VISpm6a,"posteromedial visual area, layer 6a",Isocortex,9662,9683,208
205,469,VISpm6b,"posteromedial visual area, layer 6b",Isocortex,1794,1790,10
206,312782574,VISli,Laterointermediate area,Isocortex,31525,31581,
207,312782578,VISli1,"Laterointermediate area, layer 1",Isocortex,4778,4759,
208,312782582,VISli2/3,"Laterointermediate area, layer 2/3",Isocortex,7498,7503,
209,312782586,VISli4,"Laterointermediate area, layer 4",Isocortex,3653,3662,
210,312782590,VISli5,"Laterointermediate area, layer 5",Isocortex,9489,9523,
211,312782594,VISli6a,"Laterointermediate area, layer 6a",Isocortex,5080,5101,
212,312782598,VISli6b,"Laterointermediate area, layer 6b",Isocortex,1027,1033,
213,312782628,VISpor,Postrhinal area,Isocortex,82095,77064,
214,312782632,VISpor1,"Postrhinal area, layer 1",Isocortex,16026,12833,
215,312782636,VISpor2/3,"Postrhinal area, layer 2/3",Isocortex,23927,21699,
216,312782640,VISpor4,"Postrhinal area, layer 4",Isocortex,3872,3791,
217,312782644,VISpor5,"Postrhinal area, layer 5",Isocortex,24639,24795,
218,312782648,VISpor6a,"Postrhinal area, layer 6a",Isocortex,11541,11938,
219,312782652,VISpor6b,"Postrhinal area, layer 6b",Isocortex,2090,2008,
220,31,ACA,Anterior cingulate area,Isocortex,354549,353159,5207
221,572,ACA1,"Anterior cingulate area, layer 1",Isocortex,0,0,0
222,1053,ACA2/3,"Anterior cingulate area, layer 2/3",Isocortex,0,0,0
223,739,ACA5,"Anterior cingulate area, layer 5",Isocortex,0,0,0
224,179,ACA6a,"Anterior cingulate area, layer 6a",Isocortex,0,0,0
225,227,ACA6b,"Anterior cingulate area, layer 6b",Isocortex,0,0,0
226,39,ACAd,"Anterior cingulate area, dorsal part",Isocortex,200306,201351,2789
227,935,ACAd1,"Anterior cingulate area, dorsal part, layer 1",Isocortex,38133,38186,747
228,211,ACAd2/3,"Anterior cingulate area, dorsal part, layer 2/3",Isocortex,39098,39219,910
229,1015,ACAd5,"Anterior cingulate area, dorsal part, layer 5",Isocortex,76687,77065,693
230,919,ACAd6a,"Anterior cingulate area, dorsal part, layer 6a",Isocortex,44804,45419,384
231,927,ACAd6b,"Anterior cingulate area, dorsal part, layer 6b",Isocortex,1584,1462,55
232,48,ACAv,"Anterior cingulate area, ventral part",Isocortex,154243,151808,2418
233,588,ACAv1,"Anterior cingulate area, ventral part, layer 1",Isocortex,30297,29606,790
234,296,ACAv2/3,"Anterior cingulate area, ventral part, layer 2/3",Isocortex,32601,31981,775
235,772,ACAv5,"Anterior cingulate area, ventral part, layer 5",Isocortex,64153,62978,568
236,810,ACAv6a,"Anterior cingulate area, ventral part, 6a",Isocortex,23226,23403,253
237,819,ACAv6b,"Anterior cingulate area, ventral part, 6b",Isocortex,3966,3840,32
238,972,PL,Prelimbic area,Isocortex,154127,154853,1790
239,171,PL1,"Prelimbic area, layer 1",Isocortex,33240,33238,465
240,195,PL2,"Prelimbic area, layer 2",Isocortex,0,0,197
241,304,PL2/3,"Prelimbic area, layer 2/3",Isocortex,26811,26841,408
242,363,PL5,"Prelimbic area, layer 5",Isocortex,63042,63346,435
243,84,PL6a,"Prelimbic area, layer 6a",Isocortex,29663,30074,267
244,132,PL6b,"Prelimbic area, layer 6b",Isocortex,1371,1354,18
245,44,ILA,Infralimbic area,Isocortex,53963,54456,1764
246,707,ILA1,"Infralimbic area, layer 1",Isocortex,9609,9672,297
247,747,ILA2,"Infralimbic area, layer 2",Isocortex,0,0,79
248,556,ILA2/3,"Infralimbic area, layer 2/3",Isocortex,9157,9256,467
249,827,ILA5,"Infralimbic area, layer 5",Isocortex,21394,21789,476
250,1054,ILA6a,"Infralimbic area, layer 6a",Isocortex,13114,13048,378
251,1081,ILA6b,"Infralimbic area, layer 6b",Isocortex,689,691,67
252,714,ORB,Orbital area,Isocortex,377720,386221,4433
253,264,ORB1,"Orbital area, layer 1",Isocortex,0,0,0
254,492,ORB2/3,"Orbital area, layer 2/3",Isocortex,0,0,0
255,352,ORB5,"Orbital area, layer 5",Isocortex,0,0,0
256,476,ORB6a,"Orbital area, layer 6a",Isocortex,0,0,0
257,516,ORB6b,"Orbital area, layer 6b",Isocortex,0,0,0
258,723,ORBl,"Orbital area, lateral part",Isocortex,174531,181846,1853
259,448,ORBl1,"Orbital area, lateral part, layer 1",Isocortex,24007,23993,341
260,412,ORBl2/3,"Orbital area, lateral part, layer 2/3",Isocortex,39769,39947,759
261,630,ORBl5,"Orbital area, lateral part, layer 5",Isocortex,77287,80220,518
262,440,ORBl6a,"Orbital area, lateral part, layer 6a",Isocortex,30562,34614,234
263,488,ORBl6b,"Orbital area, lateral part, layer 6b",Isocortex,2906,3072,1
264,731,ORBm,"Orbital area, medial part",Isocortex,89466,86966,1024
265,484,ORBm1,"Orbital area, medial part, layer 1",Isocortex,26955,26968,253
266,524,ORBm2,"Orbital area, medial part, layer 2",Isocortex,0,0,108
267,582,ORBm2/3,"Orbital area, medial part, layer 2/3",Isocortex,20153,19690,285
268,620,ORBm5,"Orbital area, medial part, layer 5",Isocortex,30184,28783,257
269,910,ORBm6a,"Orbital area, medial part, layer 6a",Isocortex,11931,11293,121
270,527696977,ORBm6b,"Orbital area, medial part, layer 6b",Isocortex,243,232,
271,738,ORBv,"Orbital area, ventral part",Isocortex,0,0,0
272,746,ORBvl,"Orbital area, ventrolateral part",Isocortex,113723,117409,1556
273,969,ORBvl1,"Orbital area, ventrolateral part, layer 1",Isocortex,24693,24706,342
274,288,ORBvl2/3,"Orbital area, ventrolateral part, layer 2/3",Isocortex,33502,34461,669
275,1125,ORBvl5,"Orbital area, ventrolateral part, layer 5",Isocortex,39639,41288,283
276,608,ORBvl6a,"Orbital area, ventrolateral part, layer 6a",Isocortex,15242,16361,262
277,680,ORBvl6b,"Orbital area, ventrolateral part, layer 6b",Isocortex,647,593,0
278,95,AI,Agranular insular area,Isocortex,505435,522902,4832
279,104,AId,"Agranular insular area, dorsal part",Isocortex,238486,230378,2364
280,996,AId1,"Agranular insular area, dorsal part, layer 1",Isocortex,29473,29376,489
281,328,AId2/3,"Agranular insular area, dorsal part, layer 2/3",Isocortex,59244,58310,1035
282,1101,AId5,"Agranular insular area, dorsal part, layer 5",Isocortex,96632,88672,616
283,783,AId6a,"Agranular insular area, dorsal part, layer 6a",Isocortex,50002,50998,212
284,831,AId6b,"Agranular insular area, dorsal part, layer 6b",Isocortex,3135,3022,12
285,111,AIp,"Agranular insular area, posterior part",Isocortex,155849,164691,1348
286,120,AIp1,"Agranular insular area, posterior part, layer 1",Isocortex,27060,28045,375
287,163,AIp2/3,"Agranular insular area, posterior part, layer 2/3",Isocortex,51401,55180,382
288,344,AIp5,"Agranular insular area, posterior part, layer 5",Isocortex,48165,52929,347
289,314,AIp6a,"Agranular insular area, posterior part, layer 6a",Isocortex,27900,26879,244
290,355,AIp6b,"Agranular insular area, posterior part, layer 6b",Isocortex,1323,1658,0
291,119,AIv,"Agranular insular area, ventral part",Isocortex,111100,127833,1120
292,704,AIv1,"Agranular insular area, ventral part, layer 1",Isocortex,16036,16156,190
293,694,AIv2/3,"Agranular insular area, ventral part, layer 2/3",Isocortex,38034,38812,447
294,800,AIv5,"Agranular insular area, ventral part, layer 5",Isocortex,46103,53420,361
295,675,AIv6a,"Agranular insular area, ventral part, layer 6a",Isocortex,10733,19015,121
296,699,AIv6b,"Agranular insular area, ventral part, layer 6b",Isocortex,194,430,1
297,254,RSP,Retrosplenial area,Isocortex,672063,674851,7672
298,894,RSPagl,"Retrosplenial area, lateral agranular part",Isocortex,150743,150548,937
299,671,RSPagl1,"Retrosplenial area, lateral agranular part, layer 1",Isocortex,32392,32413,171
300,965,RSPagl2/3,"Retrosplenial area, lateral agranular part, layer 2/3",Isocortex,42857,42974,281
301,774,RSPagl5,"Retrosplenial area, lateral agranular part, layer 5",Isocortex,46896,47030,257
302,906,RSPagl6a,"Retrosplenial area, lateral agranular part, layer 6a",Isocortex,26287,25866,209
303,279,RSPagl6b,"Retrosplenial area, lateral agranular part, layer 6b",Isocortex,2311,2265,19
304,480149258,VISmma,Mediomedial anterior visual area,Isocortex,0,0,
305,480149262,VISmma1,"Mediomedial anterior visual area, layer 1",Isocortex,0,0,
306,480149266,VISmma2/3,"Mediomedial anterior visual area, layer 2/3",Isocortex,0,0,
307,480149270,VISmma4,"Mediomedial anterior visual area, layer 4",Isocortex,0,0,
308,480149274,VISmma5,"Mediomedial anterior visual area,layer 5",Isocortex,0,0,
309,480149278,VISmma6a,"Mediomedial anterior visual area, layer 6a",Isocortex,0,0,
310,480149282,VISmma6b,"Mediomedial anterior visual area, layer 6b",Isocortex,0,0,
311,480149286,VISmmp,Mediomedial posterior visual area,Isocortex,0,0,
312,480149290,VISmmp1,"Mediomedial posterior visual area, layer 1",Isocortex,0,0,
313,480149294,VISmmp2/3,"Mediomedial posterior visual area, layer 2/3",Isocortex,0,0,
314,480149298,VISmmp4,"Mediomedial posterior visual area, layer 4",Isocortex,0,0,
315,480149302,VISmmp5,"Mediomedial posterior visual area,layer 5",Isocortex,0,0,
316,480149306,VISmmp6a,"Mediomedial posterior visual area, layer 6a",Isocortex,0,0,
317,480149310,VISmmp6b,"Mediomedial posterior visual area, layer 6b",Isocortex,0,0,
318,480149314,VISm,Medial visual area,Isocortex,0,0,
319,480149318,VISm1,"Medial visual area, layer 1",Isocortex,0,0,
320,480149322,VISm2/3,"Medial visual area, layer 2/3",Isocortex,0,0,
321,480149326,VISm4,"Medial visual area, layer 4",Isocortex,0,0,
322,480149330,VISm5,"Medial visual area,layer 5",Isocortex,0,0,
323,480149334,VISm6a,"Medial visual area, layer 6a",Isocortex,0,0,
324,480149338,VISm6b,"Medial visual area, layer 6b",Isocortex,0,0,
325,879,RSPd,"Retrosplenial area, dorsal part",Isocortex,242928,241780,2738
326,442,RSPd1,"Retrosplenial area, dorsal part, layer 1",Isocortex,52969,52178,524
327,434,RSPd2/3,"Retrosplenial area, dorsal part, layer 2/3",Isocortex,62330,62339,754
328,545,RSPd4,"Retrosplenial area, dorsal part, layer 4",Isocortex,0,0,0
329,610,RSPd5,"Retrosplenial area, dorsal part, layer 5",Isocortex,77137,76991,891
330,274,RSPd6a,"Retrosplenial area, dorsal part, layer 6a",Isocortex,48445,48278,520
331,330,RSPd6b,"Retrosplenial area, dorsal part, layer 6b",Isocortex,2047,1994,49
332,886,RSPv,"Retrosplenial area, ventral part",Isocortex,278392,282523,3997
333,542,RSPv1,"Retrosplenial area, ventral part, layer 1",Isocortex,60568,60593,828
334,606,RSPv2,"Retrosplenial area, ventral part, layer 2",Isocortex,0,0,355
335,430,RSPv2/3,"Retrosplenial area, ventral part, layer 2/3",Isocortex,65218,65739,780
336,687,RSPv5,"Retrosplenial area, ventral part, layer 5",Isocortex,107310,109104,1365
337,590,RSPv6a,"Retrosplenial area, ventral part, layer 6a",Isocortex,42175,43766,637
338,622,RSPv6b,"Retrosplenial area, ventral part, layer 6b",Isocortex,3121,3321,32
339,22,PTLp,Posterior parietal association areas,Isocortex,157056,157111,3498
340,532,PTLp1,"Posterior parietal association areas, layer 1",Isocortex,0,0,541
341,241,PTLp2/3,"Posterior parietal association areas, layer 2/3",Isocortex,0,0,901
342,635,PTLp4,"Posterior parietal association areas, layer 4",Isocortex,0,0,342
343,683,PTLp5,"Posterior parietal association areas, layer 5",Isocortex,0,0,999
344,308,PTLp6a,"Posterior parietal association areas, layer 6a",Isocortex,0,0,609
345,340,PTLp6b,"Posterior parietal association areas, layer 6b",Isocortex,0,0,106
346,312782546,VISa,Anterior area,Isocortex,92031,92156,
347,312782550,VISa1,"Anterior area, layer 1",Isocortex,15284,15301,
348,312782554,VISa2/3,"Anterior area, layer 2/3",Isocortex,27287,27324,
349,312782558,VISa4,"Anterior area, layer 4",Isocortex,9933,9977,
350,312782562,VISa5,"Anterior area, layer 5",Isocortex,22713,22755,
351,312782566,VISa6a,"Anterior area, layer 6a",Isocortex,14266,14269,
352,312782570,VISa6b,"Anterior area, layer 6b",Isocortex,2548,2530,
353,417,VISrl,Rostrolateral visual area,Isocortex,65025,64955,
354,312782604,VISrl1,"Rostrolateral area, layer 1",Isocortex,10858,10850,
355,312782608,VISrl2/3,"Rostrolateral area, layer 2/3",Isocortex,17648,17649,
356,312782612,VISrl4,"Rostrolateral area, layer 4",Isocortex,9373,9369,
357,312782616,VISrl5,"Rostrolateral area, layer 5",Isocortex,15623,15599,
358,312782620,VISrl6a,"Rostrolateral area, layer 6a",Isocortex,9688,9659,
359,312782624,VISrl6b,"Rostrolateral area, layer 6b",Isocortex,1835,1829,
360,541,TEa,Temporal association areas,Isocortex,198801,194119,3773
361,97,TEa1,"Temporal association areas, layer 1",Isocortex,34006,34022,636
362,1127,TEa2/3,"Temporal association areas, layer 2/3",Isocortex,44795,44391,952
363,234,TEa4,"Temporal association areas, layer 4",Isocortex,19976,19886,342
364,289,TEa5,"Temporal association areas, layer 5",Isocortex,60878,59223,1183
365,729,TEa6a,"Temporal association areas, layer 6a",Isocortex,33590,31366,548
366,786,TEa6b,"Temporal association areas, layer 6b",Isocortex,5556,5231,112
367,922,PERI,Perirhinal area,Isocortex,50565,87906,1412
368,335,PERI6a,"Perirhinal area, layer 6a",Isocortex,3437,10768,175
369,368,PERI6b,"Perirhinal area, layer 6b",Isocortex,843,2122,47
370,540,PERI1,"Perirhinal area, layer 1",Isocortex,14224,18320,333
371,692,PERI5,"Perirhinal area, layer 5",Isocortex,10756,25535,409
372,888,PERI2/3,"Perirhinal area, layer 2/3",Isocortex,21305,31161,448
373,895,ECT,Ectorhinal area,Isocortex,109560,95430,3390
374,836,ECT1,Ectorhinal area/Layer 1,Isocortex,16685,16557,696
375,427,ECT2/3,Ectorhinal area/Layer 2/3,Isocortex,30445,28514,1153
376,988,ECT5,Ectorhinal area/Layer 5,Isocortex,33862,27739,1023
377,977,ECT6a,Ectorhinal area/Layer 6a,Isocortex,24962,19923,440
378,1045,ECT6b,Ectorhinal area/Layer 6b,Isocortex,3606,2697,78
379,698,OLF,Olfactory areas,Olfactory areas,2988743,2812471,41731
380,507,MOB,Main olfactory bulb,Olfactory areas,1053648,1028777,16978
381,212,MOBgl,"Main olfactory bulb, glomerular layer",Olfactory areas,0,0,4561
382,220,MOBgr,"Main olfactory bulb, granule layer",Olfactory areas,0,0,5103
383,228,MOBipl,"Main olfactory bulb, inner plexiform layer",Olfactory areas,0,0,1063
384,236,MOBmi,"Main olfactory bulb, mitral layer",Olfactory areas,0,0,958
385,244,MOBopl,"Main olfactory bulb, outer plexiform layer",Olfactory areas,0,0,5220
386,151,AOB,Accessory olfactory bulb,Olfactory areas,41698,40787,571
387,188,AOBgl,"Accessory olfactory bulb, glomerular layer",Olfactory areas,9886,9445,137
388,196,AOBgr,"Accessory olfactory bulb, granular layer",Olfactory areas,14107,13589,144
389,204,AOBmi,"Accessory olfactory bulb, mitral layer",Olfactory areas,17705,17753,125
390,159,AON,Anterior olfactory nucleus,Olfactory areas,311661,240115,3951
391,167,AONd,"Anterior olfactory nucleus, dorsal part",Olfactory areas,0,0,300
392,175,AONe,"Anterior olfactory nucleus, external part",Olfactory areas,0,0,277
393,183,AONl,"Anterior olfactory nucleus, lateral part",Olfactory areas,0,0,668
394,191,AONm,"Anterior olfactory nucleus, medial part",Olfactory areas,0,0,704
395,199,AONpv,"Anterior olfactory nucleus, posteroventral part",Olfactory areas,0,0,674
396,160,AON1,"Anterior olfactory nucleus, layer 1",Olfactory areas,0,0,1283
397,168,AON2,"Anterior olfactory nucleus, layer 2",Olfactory areas,0,0,0
398,589,TT,Taenia tecta,Olfactory areas,92431,98580,1734
399,597,TTd,"Taenia tecta, dorsal part",Olfactory areas,46375,0,1262
400,297,TTd1-4,"Taenia tecta, dorsal part, layers 1-4",Olfactory areas,0,0,0
401,1034,TTd1,"Taenia tecta, dorsal part, layer 1",Olfactory areas,0,0,421
402,1042,TTd2,"Taenia tecta, dorsal part, layer 2",Olfactory areas,0,0,416
403,1050,TTd3,"Taenia tecta, dorsal part, layer 3",Olfactory areas,0,0,332
404,1059,TTd4,"Taenia tecta, dorsal part, layer 4",Olfactory areas,0,0,93
405,605,TTv,"Taenia tecta, ventral part",Olfactory areas,46056,0,472
406,306,TTv1-3,"Taenia tecta, ventral part, layers 1-3",Olfactory areas,0,0,0
407,1067,TTv1,"Taenia tecta, ventral part, layer 1",Olfactory areas,0,0,229
408,1075,TTv2,"Taenia tecta, ventral part, layer 2",Olfactory areas,0,0,167
409,1082,TTv3,"Taenia tecta, ventral part, layer 3",Olfactory areas,0,0,76
410,814,DP,Dorsal peduncular area,Olfactory areas,32116,15023,335
411,496,DP1,"Dorsal peduncular area, layer 1",Olfactory areas,0,0,106
412,535,DP2,"Dorsal peduncular area, layer 2",Olfactory areas,0,0,0
413,360,DP2/3,"Dorsal peduncular area, layer 2/3",Olfactory areas,0,0,109
414,646,DP5,"Dorsal peduncular area, layer 5",Olfactory areas,0,0,89
415,267,DP6a,"Dorsal peduncular area, layer 6a",Olfactory areas,0,0,31
416,961,PIR,Piriform area,Olfactory areas,740202,821664,12933
417,152,PIR1-3,"Piriform area, layers 1-3",Olfactory areas,0,0,0
418,276,PIR1,"Piriform area, molecular layer",Olfactory areas,0,0,4741
419,284,PIR2,"Piriform area, pyramidal layer",Olfactory areas,0,0,3729
420,291,PIR3,"Piriform area, polymorph layer",Olfactory areas,0,0,4463
421,619,NLOT,Nucleus of the lateral olfactory tract,Olfactory areas,20395,25001,389
422,392,NLOT1-3,"Nucleus of the lateral olfactory tract, layers 1-3",Olfactory areas,0,0,0
423,260,NLOT1,"Nucleus of the lateral olfactory tract, molecular layer",Olfactory areas,7131,10457,162
424,268,NLOT2,"Nucleus of the lateral olfactory tract, pyramidal layer",Olfactory areas,9563,0,143
425,1139,NLOT3,"Nucleus of the lateral olfactory tract, layer 3",Olfactory areas,3701,14544,84
426,631,COA,Cortical amygdalar area,Olfactory areas,208963,161255,2436
427,639,COAa,"Cortical amygdalar area, anterior part",Olfactory areas,49142,36755,521
428,192,COAa1,"Cortical amygdalar area, anterior part, layer 1",Olfactory areas,0,0,240
429,200,COAa2,"Cortical amygdalar area, anterior part, layer 2",Olfactory areas,0,0,281
430,208,COAa3,"Cortical amygdalar area, anterior part, layer 3",Olfactory areas,0,0,0
431,647,COAp,"Cortical amygdalar area, posterior part",Olfactory areas,159821,124500,1915
432,655,COApl,"Cortical amygdalar area, posterior part, lateral zone",Olfactory areas,76930,0,961
433,584,COApl1-2,"Cortical amygdalar area, posterior part, lateral zone, layers 1-2",Olfactory areas,0,0,0
434,376,COApl1-3,"Cortical amygdalar area, posterior part, lateral zone, layers 1-3",Olfactory areas,0,0,0
435,216,COApl1,"Cortical amygdalar area, posterior part, lateral zone, layer 1",Olfactory areas,0,0,269
436,224,COApl2,"Cortical amygdalar area, posterior part, lateral zone, layer 2",Olfactory areas,0,0,301
437,232,COApl3,"Cortical amygdalar area, posterior part, lateral zone, layer 3",Olfactory areas,0,0,391
438,663,COApm,"Cortical amygdalar area, posterior part, medial zone",Olfactory areas,82891,0,954
439,592,COApm1-2,"Cortical amygdalar area, posterior part, medial zone, layers 1-2",Olfactory areas,0,0,0
440,383,COApm1-3,"Cortical amygdalar area, posterior part, medial zone, layers 1-3",Olfactory areas,0,0,0
441,240,COApm1,"Cortical amygdalar area, posterior part, medial zone, layer 1",Olfactory areas,0,0,223
442,248,COApm2,"Cortical amygdalar area, posterior part, medial zone, layer 2",Olfactory areas,0,0,233
443,256,COApm3,"Cortical amygdalar area, posterior part, medial zone, layer 3",Olfactory areas,0,0,498
444,788,PAA,Piriform-amygdalar area,Olfactory areas,76240,45973,647
445,400,PAA1-3,"Piriform-amygdalar area, layers 1-3",Olfactory areas,0,0,0
446,408,PAA1,"Piriform-amygdalar area, molecular layer",Olfactory areas,0,0,256
447,416,PAA2,"Piriform-amygdalar area, pyramidal layer",Olfactory areas,0,0,169
448,424,PAA3,"Piriform-amygdalar area, polymorph layer",Olfactory areas,0,0,222
449,566,TR,Postpiriform transition area,Olfactory areas,89508,66078,1069
450,517,TR1-3,"Postpiriform transition area, layers 1-3",Olfactory areas,0,0,0
451,1140,TR1,"Postpiriform transition area, layers 1",Olfactory areas,0,0,377
452,1141,TR2,"Postpiriform transition area, layers 2",Olfactory areas,0,0,272
453,1142,TR3,"Postpiriform transition area, layers 3",Olfactory areas,0,0,420
454,1089,HPF,Hippocampal formation,Hippocampal formation,2729405,2788737,40281
455,1080,HIP,Hippocampal region,Hippocampal formation,1518839,1414238,20170
456,375,CA,Ammon's horn,Hippocampal formation,1084697,998822,13905
457,382,CA1,Field CA1,Hippocampal formation,653391,555065,8275
458,391,CA1slm,"Field CA1, stratum lacunosum-moleculare",Hippocampal formation,0,0,2250
459,399,CA1so,"Field CA1, stratum oriens",Hippocampal formation,0,0,1372
460,407,CA1sp,"Field CA1, pyramidal layer",Hippocampal formation,0,0,1891
461,415,CA1sr,"Field CA1, stratum radiatum",Hippocampal formation,0,0,2762
462,423,CA2,Field CA2,Hippocampal formation,30421,88966,595
463,431,CA2slm,"Field CA2, stratum lacunosum-moleculare",Hippocampal formation,0,0,147
464,438,CA2so,"Field CA2, stratum oriens",Hippocampal formation,0,0,135
465,446,CA2sp,"Field CA2, pyramidal layer",Hippocampal formation,0,0,112
466,454,CA2sr,"Field CA2, stratum radiatum",Hippocampal formation,0,0,201
467,463,CA3,Field CA3,Hippocampal formation,400885,354791,5035
468,471,CA3slm,"Field CA3, stratum lacunosum-moleculare",Hippocampal formation,0,0,64
469,479,CA3slu,"Field CA3, stratum lucidum",Hippocampal formation,0,0,336
470,486,CA3so,"Field CA3, stratum oriens",Hippocampal formation,0,0,1520
471,495,CA3sp,"Field CA3, pyramidal layer",Hippocampal formation,0,0,1576
472,504,CA3sr,"Field CA3, stratum radiatum",Hippocampal formation,0,0,1539
473,726,DG,Dentate gyrus,Hippocampal formation,422237,409694,6177
474,10703,DG-mo,"Dentate gyrus, molecular layer",Hippocampal formation,275894,257103,3982
475,10704,DG-po,"Dentate gyrus, polymorph layer",Hippocampal formation,43800,51187,749
476,632,DG-sg,"Dentate gyrus, granule cell layer",Hippocampal formation,102543,101404,1446
477,10702,DG-sgz,"Dentate gyrus, subgranular zone",Hippocampal formation,0,0,0
478,734,DGcr,Dentate gyrus crest,Hippocampal formation,0,0,0
479,742,DGcr-mo,"Dentate gyrus crest, molecular layer",Hippocampal formation,0,0,0
480,751,DGcr-po,"Dentate gyrus crest, polymorph layer",Hippocampal formation,0,0,0
481,758,DGcr-sg,"Dentate gyrus crest, granule cell layer",Hippocampal formation,0,0,0
482,766,DGlb,Dentate gyrus lateral blade,Hippocampal formation,0,0,0
483,775,DGlb-mo,"Dentate gyrus lateral blade, molecular layer",Hippocampal formation,0,0,0
484,782,DGlb-po,"Dentate gyrus lateral blade, polymorph layer",Hippocampal formation,0,0,0
485,790,DGlb-sg,"Dentate gyrus lateral blade, granule cell layer",Hippocampal formation,0,0,0
486,799,DGmb,Dentate gyrus medial blade,Hippocampal formation,0,0,0
487,807,DGmb-mo,"Dentate gyrus medial blade, molecular layer",Hippocampal formation,0,0,0
488,815,DGmb-po,"Dentate gyrus medial blade, polymorph layer",Hippocampal formation,0,0,0
489,823,DGmb-sg,"Dentate gyrus medial blade, granule cell layer",Hippocampal formation,0,0,0
490,982,FC,Fasciola cinerea,Hippocampal formation,3947,4025,68
491,19,IG,Induseum griseum,Hippocampal formation,7958,1697,20
492,822,RHP,Retrohippocampal region,Hippocampal formation,1183617,1204142,20111
493,909,ENT,Entorhinal area,Hippocampal formation,730199,734112,11746
494,918,ENTl,"Entorhinal area, lateral part",Hippocampal formation,408232,526177,8409
495,1121,ENTl1,"Entorhinal area, lateral part, layer 1",Hippocampal formation,62794,0,1729
496,20,ENTl2,"Entorhinal area, lateral part, layer 2",Hippocampal formation,102602,0,63
497,999,ENTl2/3,"Entorhinal area, lateral part, layer 2/3",Hippocampal formation,0,0,174
498,715,ENTl2a,"Entorhinal area, lateral part, layer 2a",Hippocampal formation,0,0,928
499,764,ENTl2b,"Entorhinal area, lateral part, layer 2b",Hippocampal formation,0,0,968
500,52,ENTl3,"Entorhinal area, lateral part, layer 3",Hippocampal formation,84281,0,1297
501,92,ENTl4,"Entorhinal area, lateral part, layer 4",Hippocampal formation,0,0,539
502,312,ENTl4/5,"Entorhinal area, lateral part, layer 4/5",Hippocampal formation,0,0,201
503,139,ENTl5,"Entorhinal area, lateral part, layer 5",Hippocampal formation,91401,0,1282
504,387,ENTl5/6,"Entorhinal area, lateral part, layer 5/6",Hippocampal formation,0,0,0
505,28,ENTl6a,"Entorhinal area, lateral part, layer 6a",Hippocampal formation,67154,0,1098
506,60,ENTl6b,"Entorhinal area, lateral part, layer 6b",Hippocampal formation,0,0,130
507,926,ENTm,"Entorhinal area, medial part, dorsal zone",Hippocampal formation,321967,191383,3106
508,526,ENTm1,"Entorhinal area, medial part, dorsal zone, layer 1",Hippocampal formation,79710,0,856
509,543,ENTm2,"Entorhinal area, medial part, dorsal zone, layer 2",Hippocampal formation,80671,0,870
510,468,ENTm2a,"Entorhinal area, medial part, dorsal zone, layer 2a",Hippocampal formation,0,0,20
511,508,ENTm2b,"Entorhinal area, medial part, dorsal zone, layer 2b",Hippocampal formation,0,0,15
512,664,ENTm3,"Entorhinal area, medial part, dorsal zone, layer 3",Hippocampal formation,62938,0,678
513,712,ENTm4,"Entorhinal area, medial part, dorsal zone, layer 4",Hippocampal formation,0,0,105
514,727,ENTm5,"Entorhinal area, medial part, dorsal zone, layer 5",Hippocampal formation,58465,0,211
515,550,ENTm5/6,"Entorhinal area, medial part, dorsal zone, layer 5/6",Hippocampal formation,0,0,0
516,743,ENTm6,"Entorhinal area, medial part, dorsal zone, layer 6",Hippocampal formation,40183,0,351
517,934,ENTmv,"Entorhinal area, medial part, ventral zone",Hippocampal formation,0,16552,231
518,259,ENTmv1,"Entorhinal area, medial part, ventral zone, layer 1",Hippocampal formation,0,0,105
519,324,ENTmv2,"Entorhinal area, medial part, ventral zone, layer 2",Hippocampal formation,0,0,102
520,371,ENTmv3,"Entorhinal area, medial part, ventral zone, layer 3",Hippocampal formation,0,0,20
521,419,ENTmv4,"Entorhinal area, medial part, ventral zone, layer 4",Hippocampal formation,0,0,0
522,1133,ENTmv5/6,"Entorhinal area, medial part, ventral zone, layer 5/6",Hippocampal formation,0,0,4
523,843,PAR,Parasubiculum,Hippocampal formation,59690,59900,1104
524,10693,PAR1,"Parasubiculum, layer 1",Hippocampal formation,0,0,201
525,10694,PAR2,"Parasubiculum, layer 2",Hippocampal formation,0,0,610
526,10695,PAR3,"Parasubiculum, layer 3",Hippocampal formation,0,0,293
527,1037,POST,Postsubiculum,Hippocampal formation,69144,53344,789
528,10696,POST1,"Postsubiculum, layer 1",Hippocampal formation,0,0,210
529,10697,POST2,"Postsubiculum, layer 2",Hippocampal formation,0,0,324
530,10698,POST3,"Postsubiculum, layer 3",Hippocampal formation,0,0,255
531,1084,PRE,Presubiculum,Hippocampal formation,59134,67752,1309
532,10699,PRE1,"Presubiculum, layer 1",Hippocampal formation,0,0,323
533,10700,PRE2,"Presubiculum, layer 2",Hippocampal formation,0,0,624
534,10701,PRE3,"Presubiculum, layer 3",Hippocampal formation,0,0,362
535,502,SUB,Subiculum,Hippocampal formation,134629,289034,5163
536,509,SUBd,"Subiculum, dorsal part",Hippocampal formation,0,0,1340
537,829,SUBd-m,"Subiculum, dorsal part, molecular layer",Hippocampal formation,0,0,207
538,845,SUBd-sp,"Subiculum, dorsal part, pyramidal layer",Hippocampal formation,0,0,860
539,837,SUBd-sr,"Subiculum, dorsal part, stratum radiatum",Hippocampal formation,0,0,273
540,518,SUBv,"Subiculum, ventral part",Hippocampal formation,0,0,3823
541,853,SUBv-m,"Subiculum, ventral part, molecular layer",Hippocampal formation,0,0,788
542,870,SUBv-sp,"Subiculum, ventral part, pyramidal layer",Hippocampal formation,0,0,2525
543,861,SUBv-sr,"Subiculum, ventral part, stratum radiatum",Hippocampal formation,0,0,510
544,484682470,ProS,Prosubiculum,Hippocampal formation,83187,0,
545,484682475,ProSd,"Prosubiculum, dorsal part",Hippocampal formation,0,0,
546,484682479,ProSd-m,"Prosubiculum, dorsal part, molecular layer",Hippocampal formation,0,0,
547,484682483,ProSd-sp,"Prosubiculum, dorsal part, pyramidal layer",Hippocampal formation,0,0,
548,484682487,ProSd-sr,"Prosubiculum, dorsal part, stratum radiatum",Hippocampal formation,0,0,
549,484682492,ProSv,"Prosubiculum, ventral part",Hippocampal formation,0,0,
550,484682496,ProSv-m,"Prosubiculum, ventral part, molecular layer",Hippocampal formation,0,0,
551,484682500,ProSv-sp,"Prosubiculum, ventral part, pyramidal layer",Hippocampal formation,0,0,
552,484682504,Prosv-sr,"Prosubiculum, ventral part, stratum radiatum",Hippocampal formation,0,0,
553,589508447,HATA,Hippocampo-amygdalar transition area,Hippocampal formation,26994,0,
554,484682508,APr,Area prostriata,Hippocampal formation,20640,0,
555,703,CTXsp,Cortical subplate,Cortical subplate,569974,516137,6669
556,16,6b,"Layer 6b, isocortex",Cortical subplate,0,0,0
557,583,CLA,Claustrum,Cortical subplate,35283,31625,885
558,942,EP,Endopiriform nucleus,Cortical subplate,178554,145302,2496
559,952,EPd,"Endopiriform nucleus, dorsal part",Cortical subplate,116294,116160,2009
560,966,EPv,"Endopiriform nucleus, ventral part",Cortical subplate,62260,29142,487
561,131,LA,Lateral amygdalar nucleus,Cortical subplate,53680,41076,556
562,295,BLA,Basolateral amygdalar nucleus,Cortical subplate,121613,103521,1381
563,303,BLAa,"Basolateral amygdalar nucleus, anterior part",Cortical subplate,49305,46578,729
564,311,BLAp,"Basolateral amygdalar nucleus, posterior part",Cortical subplate,45512,40334,413
565,451,BLAv,"Basolateral amygdalar nucleus, ventral part",Cortical subplate,26796,16609,239
566,319,BMA,Basomedial amygdalar nucleus,Cortical subplate,95068,69327,1053
567,327,BMAa,"Basomedial amygdalar nucleus, anterior part",Cortical subplate,49159,0,298
568,334,BMAp,"Basomedial amygdalar nucleus, posterior part",Cortical subplate,45909,0,755
569,780,PA,Posterior amygdalar nucleus,Cortical subplate,61821,20241,298
570,623,CNU,Cerebral nuclei,,3476934,3438435,49831
571,477,STR,Striatum,Striatum,2877420,2780130,40523
572,485,STRd,Striatum dorsal region,Striatum,1665238,1627409,23893
573,672,CP,Caudoputamen,Striatum,1665238,1627409,23893
574,493,STRv,Striatum ventral region,Striatum,553542,528907,9301
575,56,ACB,Nucleus accumbens,Striatum,281489,263008,4904
576,998,FS,Fundus of striatum,Striatum,27633,23171,331
577,754,OT,Olfactory tubercle,Striatum,244420,242728,4066
578,481,isl,Islands of Calleja,Striatum,0,0,266
579,489,islm,Major island of Calleja,Striatum,0,0,52
580,144,OT1-3,"Olfactory tubercle, layers 1-3",Striatum,0,0,0
581,458,OT1,"Olfactory tubercle, molecular layer",Striatum,0,0,1441
582,465,OT2,"Olfactory tubercle, pyramidal layer",Striatum,0,0,1267
583,473,OT3,"Olfactory tubercle, polymorph layer",Striatum,0,0,1040
584,549009199,LSS,Lateral strip of striatum,Striatum,0,0,
585,275,LSX,Lateral septal complex,Striatum,228015,199388,3518
586,242,LS,Lateral septal nucleus,Striatum,195287,180147,3201
587,250,LSc,"Lateral septal nucleus, caudal (caudodorsal) part",Striatum,36018,34325,690
588,258,LSr,"Lateral septal nucleus, rostral (rostroventral) part",Striatum,120383,138535,2398
589,266,LSv,"Lateral septal nucleus, ventral part",Striatum,38886,7287,113
590,310,SF,Septofimbrial nucleus,Striatum,30348,16876,230
591,333,SH,Septohippocampal nucleus,Striatum,2380,2365,87
592,278,sAMY,Striatum-like amygdalar nuclei,Striatum,259061,248564,3811
593,23,AAA,Anterior amygdalar area,Striatum,31652,37040,624
594,292,BA,Bed nucleus of the accessory olfactory tract,Striatum,1603,4769,61
595,536,CEA,Central amygdalar nucleus,Striatum,84333,78676,1236
596,544,CEAc,"Central amygdalar nucleus, capsular part",Striatum,19807,0,460
597,551,CEAl,"Central amygdalar nucleus, lateral part",Striatum,16635,0,196
598,559,CEAm,"Central amygdalar nucleus, medial part",Striatum,47891,0,580
599,1105,IA,Intercalated amygdalar nucleus,Striatum,11701,12448,180
600,403,MEA,Medial amygdalar nucleus,Striatum,129772,100225,1493
601,411,MEAad,"Medial amygdalar nucleus, anterodorsal part",Striatum,0,0,686
602,418,MEAav,"Medial amygdalar nucleus, anteroventral part",Striatum,0,0,383
603,426,MEApd,"Medial amygdalar nucleus, posterodorsal part",Striatum,0,0,354
604,472,MEApd-a,"Medial amygdalar nucleus, posterodorsal part, sublayer a",Striatum,0,0,151
605,480,MEApd-b,"Medial amygdalar nucleus, posterodorsal part, sublayer b",Striatum,0,0,97
606,487,MEApd-c,"Medial amygdalar nucleus, posterodorsal part, sublayer c",Striatum,0,0,106
607,435,MEApv,"Medial amygdalar nucleus, posteroventral part",Striatum,0,0,70
608,803,PAL,Pallidum,Pallidum,599514,658305,9308
609,818,PALd,"Pallidum, dorsal region",Pallidum,127214,130238,2131
610,1022,GPe,"Globus pallidus, external segment",Pallidum,100114,103116,1807
611,1031,GPi,"Globus pallidus, internal segment",Pallidum,27100,27122,324
612,835,PALv,"Pallidum, ventral region",Pallidum,217115,199988,3673
613,342,SI,Substantia innominata,Pallidum,193782,178368,3297
614,298,MA,Magnocellular nucleus,Pallidum,23333,21620,376
615,826,PALm,"Pallidum, medial region",Pallidum,96631,120703,2018
616,904,MSC,Medial septal complex,Pallidum,73827,106867,1859
617,564,MS,Medial septal nucleus,Pallidum,26547,39040,691
618,596,NDB,Diagonal band nucleus,Pallidum,47280,67827,1168
619,581,TRS,Triangular nucleus of septum,Pallidum,22804,13836,159
620,809,PALc,"Pallidum, caudal region",Pallidum,86275,95942,1486
621,351,BST,Bed nuclei of the stria terminalis,Pallidum,85792,95464,1481
622,359,BSTa,"Bed nuclei of the stria terminalis, anterior division",Pallidum,0,0,894
623,537,BSTal,"Bed nuclei of the stria terminalis, anterior division, anterolateral area",Pallidum,0,0,261
624,498,BSTam,"Bed nuclei of the stria terminalis, anterior division, anteromedial area",Pallidum,0,0,315
625,505,BSTdm,"Bed nuclei of the stria terminalis, anterior division, dorsomedial nucleus",Pallidum,0,0,29
626,513,BSTfu,"Bed nuclei of the stria terminalis, anterior division, fusiform nucleus",Pallidum,0,0,30
627,546,BSTju,"Bed nuclei of the stria terminalis, anterior division, juxtacapsular nucleus",Pallidum,0,0,11
628,521,BSTmg,"Bed nuclei of the stria terminalis, anterior division, magnocellular nucleus",Pallidum,0,0,57
629,554,BSTov,"Bed nuclei of the stria terminalis, anterior division, oval nucleus",Pallidum,0,0,77
630,562,BSTrh,"Bed nuclei of the stria terminalis, anterior division, rhomboid nucleus",Pallidum,0,0,49
631,529,BSTv,"Bed nuclei of the stria terminalis, anterior division, ventral nucleus",Pallidum,0,0,65
632,367,BSTp,"Bed nuclei of the stria terminalis, posterior division",Pallidum,0,0,587
633,569,BSTd,"Bed nuclei of the stria terminalis, posterior division, dorsal nucleus",Pallidum,0,0,3
634,578,BSTpr,"Bed nuclei of the stria terminalis, posterior division, principal nucleus",Pallidum,0,0,292
635,585,BSTif,"Bed nuclei of the stria terminalis, posterior division, interfascicular nucleus",Pallidum,0,0,226
636,594,BSTtr,"Bed nuclei of the stria terminalis, posterior division, transverse nucleus",Pallidum,0,0,40
637,602,BSTse,"Bed nuclei of the stria terminalis, posterior division, strial extension",Pallidum,0,0,26
638,287,BAC,Bed nucleus of the anterior commissure,Pallidum,483,478,5
639,343,BS,Brain stem,,7673271,7768583,105960
640,1129,IB,Interbrain,,2270266,2408172,34518
641,549,TH,Thalamus,Thalamus,1297712,1344614,19084
642,864,DORsm,"Thalamus, sensory-motor cortex related",Thalamus,427374,351653,6278
643,637,VENT,Ventral group of the dorsal thalamus,Thalamus,310937,247192,4306
644,629,VAL,Ventral anterior-lateral complex of the thalamus,Thalamus,52314,46277,1196
645,685,VM,Ventral medial nucleus of the thalamus,Thalamus,59299,47254,665
646,709,VP,Ventral posterior complex of the thalamus,Thalamus,181415,153661,2445
647,718,VPL,Ventral posterolateral nucleus of the thalamus,Thalamus,56111,40066,923
648,725,VPLpc,"Ventral posterolateral nucleus of the thalamus, parvicellular part",Thalamus,6326,2273,64
649,733,VPM,Ventral posteromedial nucleus of the thalamus,Thalamus,105262,102689,1301
650,741,VPMpc,"Ventral posteromedial nucleus of the thalamus, parvicellular part",Thalamus,13716,8633,157
651,563807435,PoT,Posterior triangular thalamic nucleus,Thalamus,17909,0,
652,406,SPF,Subparafascicular nucleus,Thalamus,13046,21897,356
653,414,SPFm,"Subparafascicular nucleus, magnocellular part",Thalamus,4449,5070,77
654,422,SPFp,"Subparafascicular nucleus, parvicellular part",Thalamus,8597,16827,279
655,609,SPA,Subparafascicular area,Thalamus,8454,3375,73
656,1044,PP,Peripeduncular nucleus,Thalamus,3932,2799,111
657,1008,GENd,"Geniculate group, dorsal thalamus",Thalamus,91005,76390,1432
658,475,MG,Medial geniculate complex,Thalamus,44779,30179,827
659,1072,MGd,"Medial geniculate complex, dorsal part",Thalamus,11021,0,206
660,1079,MGv,"Medial geniculate complex, ventral part",Thalamus,17737,0,446
661,1088,MGm,"Medial geniculate complex, medial part",Thalamus,16021,0,175
662,170,LGd,Dorsal part of the lateral geniculate complex,Thalamus,46226,46211,605
663,496345664,LGd-sh,"Dorsal part of the lateral geniculate complex, shell",Thalamus,13279,0,
664,496345668,LGd-co,"Dorsal part of the lateral geniculate complex, core",Thalamus,26813,0,
665,496345672,LGd-ip,"Dorsal part of the lateral geniculate complex, ipsilateral zone",Thalamus,6134,0,
666,856,DORpm,"Thalamus, polymodal association cortex related",Thalamus,811504,697370,11417
667,138,LAT,Lateral group of the dorsal thalamus,Thalamus,197105,153985,2219
668,218,LP,Lateral posterior nucleus of the thalamus,Thalamus,77053,69350,856
669,1020,PO,Posterior complex of the thalamus,Thalamus,80140,75867,1102
670,1029,POL,Posterior limiting nucleus of the thalamus,Thalamus,13149,6759,155
671,325,SGN,Suprageniculate nucleus,Thalamus,11633,2009,106
672,560581551,Eth,Ethmoid nucleus of the thalamus,Thalamus,15130,0,
673,560581555,REth,Retroethmoid nucleus,Thalamus,0,0,
674,239,ATN,Anterior group of the dorsal thalamus,Thalamus,138143,134467,2069
675,255,AV,Anteroventral nucleus of thalamus,Thalamus,26622,26109,385
676,127,AM,Anteromedial nucleus,Thalamus,26289,21509,458
677,1096,AMd,"Anteromedial nucleus, dorsal part",Thalamus,15662,0,359
678,1104,AMv,"Anteromedial nucleus, ventral part",Thalamus,10627,0,99
679,64,AD,Anterodorsal nucleus,Thalamus,10248,10074,155
680,1120,IAM,Interanteromedial nucleus of the thalamus,Thalamus,2742,2981,44
681,1113,IAD,Interanterodorsal nucleus of the thalamus,Thalamus,7225,5646,80
682,155,LD,Lateral dorsal nucleus of thalamus,Thalamus,65017,68148,947
683,444,MED,Medial group of the dorsal thalamus,Thalamus,128847,108330,1631
684,59,IMD,Intermediodorsal nucleus of the thalamus,Thalamus,11270,9498,213
685,362,MD,Mediodorsal nucleus of thalamus,Thalamus,88198,86351,1193
686,617,MDc,"Mediodorsal nucleus of the thalamus, central part",Thalamus,0,0,205
687,626,MDl,"Mediodorsal nucleus of the thalamus, lateral part",Thalamus,0,0,450
688,636,MDm,"Mediodorsal nucleus of the thalamus, medial part",Thalamus,0,0,538
689,366,SMT,Submedial nucleus of the thalamus,Thalamus,19682,11317,202
690,1077,PR,Perireunensis nucleus,Thalamus,9697,1164,23
691,571,MTN,Midline group of the dorsal thalamus,Thalamus,75891,67336,1449
692,149,PVT,Paraventricular nucleus of the thalamus,Thalamus,28430,25631,615
693,15,PT,Parataenial nucleus,Thalamus,14706,17129,118
694,181,RE,Nucleus of reuniens,Thalamus,27167,24576,716
695,560581559,Xi,Xiphoid thalamic nucleus,Thalamus,5588,0,
696,51,ILM,Intralaminar nuclei of the dorsal thalamus,Thalamus,102789,74030,1591
697,189,RH,Rhomboid nucleus,Thalamus,5829,4099,221
698,599,CM,Central medial nucleus of the thalamus,Thalamus,15985,10754,390
699,907,PCN,Paracentral nucleus,Thalamus,15258,16836,199
700,575,CL,Central lateral nucleus of the thalamus,Thalamus,23142,15427,285
701,930,PF,Parafascicular nucleus,Thalamus,31335,26914,496
702,560581563,PIL,Posterior intralaminar thalamic nucleus,Thalamus,11240,0,
703,262,RT,Reticular nucleus of the thalamus,Thalamus,92624,87419,1395
704,1014,GENv,"Geniculate group, ventral thalamus",Thalamus,33480,32133,531
705,27,IGL,Intergeniculate leaflet of the lateral geniculate complex,Thalamus,4415,4556,98
706,563807439,IntG,Intermediate geniculate nucleus,Thalamus,1448,0,
707,178,LGv,Ventral part of the lateral geniculate complex,Thalamus,25892,25851,409
708,300,LGvl,"Ventral part of the lateral geniculate complex, lateral zone",Thalamus,0,0,0
709,316,LGvm,"Ventral part of the lateral geniculate complex, medial zone",Thalamus,0,0,0
710,321,SubG,Subgeniculate nucleus,Thalamus,1725,1726,24
711,958,EPI,Epithalamus,Thalamus,42625,39670,532
712,483,MH,Medial habenula,Thalamus,20492,19039,225
713,186,LH,Lateral habenula,Thalamus,22133,20631,307
714,953,PIN,Pineal body,Thalamus,0,0,0
715,1097,HY,Hypothalamus,Hypothalamus,972554,1063558,15434
716,157,PVZ,Periventricular zone,Hypothalamus,49804,42996,707
717,390,SO,Supraoptic nucleus,Hypothalamus,2998,3713,28
718,332,ASO,Accessory supraoptic group,Hypothalamus,388,100,2
719,432,NC,Nucleus circularis,Hypothalamus,0,0,2
720,38,PVH,Paraventricular hypothalamic nucleus,Hypothalamus,12076,15889,283
721,71,PVHm,"Paraventricular hypothalamic nucleus, magnocellular division",Hypothalamus,0,0,50
722,47,PVHam,"Paraventricular hypothalamic nucleus, magnocellular division, anterior magnocellular part",Hypothalamus,0,0,0
723,79,PVHmm,"Paraventricular hypothalamic nucleus, magnocellular division, medial magnocellular part",Hypothalamus,0,0,13
724,103,PVHpm,"Paraventricular hypothalamic nucleus, magnocellular division, posterior magnocellular part",Hypothalamus,0,0,37
725,652,PVHpml,"Paraventricular hypothalamic nucleus, magnocellular division, posterior magnocellular part, lateral zone",Hypothalamus,0,0,32
726,660,PVHpmm,"Paraventricular hypothalamic nucleus, magnocellular division, posterior magnocellular part, medial zone",Hypothalamus,0,0,5
727,94,PVHp,"Paraventricular hypothalamic nucleus, parvicellular division",Hypothalamus,0,0,233
728,55,PVHap,"Paraventricular hypothalamic nucleus, parvicellular division, anterior parvicellular part",Hypothalamus,0,0,104
729,87,PVHmpd,"Paraventricular hypothalamic nucleus, parvicellular division, medial parvicellular part, dorsal zone",Hypothalamus,0,0,89
730,110,PVHpv,"Paraventricular hypothalamic nucleus, parvicellular division, periventricular part",Hypothalamus,0,0,40
731,30,PVa,"Periventricular hypothalamic nucleus, anterior part",Hypothalamus,3191,816,17
732,118,PVi,"Periventricular hypothalamic nucleus, intermediate part",Hypothalamus,12826,6785,112
733,223,ARH,Arcuate hypothalamic nucleus,Hypothalamus,18325,15693,265
734,141,PVR,Periventricular region,Hypothalamus,131182,141403,2323
735,72,ADP,Anterodorsal preoptic nucleus,Hypothalamus,6385,2188,37
736,80,AHA,Anterior hypothalamic area,Hypothalamus,0,0,0
737,263,AVP,Anteroventral preoptic nucleus,Hypothalamus,5898,4181,67
738,272,AVPV,Anteroventral periventricular nucleus,Hypothalamus,11711,4375,76
739,830,DMH,Dorsomedial nucleus of the hypothalamus,Hypothalamus,24068,31008,484
740,668,DMHa,"Dorsomedial nucleus of the hypothalamus, anterior part",Hypothalamus,0,0,291
741,676,DMHp,"Dorsomedial nucleus of the hypothalamus, posterior part",Hypothalamus,0,0,88
742,684,DMHv,"Dorsomedial nucleus of the hypothalamus, ventral part",Hypothalamus,0,0,105
743,452,MEPO,Median preoptic nucleus,Hypothalamus,2595,10218,167
744,523,MPO,Medial preoptic area,Hypothalamus,35645,53336,903
745,763,OV,Vascular organ of the lamina terminalis,Hypothalamus,560,755,16
746,914,PD,Posterodorsal preoptic nucleus,Hypothalamus,743,188,2
747,1109,PS,Parastrial nucleus,Hypothalamus,6173,1720,31
748,1124,PSCH,Suprachiasmatic preoptic nucleus,Hypothalamus,0,0,0
749,126,PVp,"Periventricular hypothalamic nucleus, posterior part",Hypothalamus,8126,8772,149
750,133,PVpo,"Periventricular hypothalamic nucleus, preoptic part",Hypothalamus,9158,5380,94
751,347,SBPV,Subparaventricular zone,Hypothalamus,7008,9556,156
752,286,SCH,Suprachiasmatic nucleus,Hypothalamus,4229,6273,106
753,338,SFO,Subfornical organ,Hypothalamus,1382,1485,4
754,576073699,VMPO,Ventromedial preoptic nucleus,Hypothalamus,3210,0,
755,689,VLPO,Ventrolateral preoptic nucleus,Hypothalamus,4291,1968,31
756,467,MEZ,Hypothalamic medial zone,Hypothalamus,246143,207709,3096
757,88,AHN,Anterior hypothalamic nucleus,Hypothalamus,45466,49955,842
758,700,AHNa,"Anterior hypothalamic nucleus, anterior part",Hypothalamus,0,0,239
759,708,AHNc,"Anterior hypothalamic nucleus, central part",Hypothalamus,0,0,474
760,716,AHNd,"Anterior hypothalamic nucleus, dorsal part",Hypothalamus,0,0,0
761,724,AHNp,"Anterior hypothalamic nucleus, posterior part",Hypothalamus,0,0,129
762,331,MBO,Mammillary body,Hypothalamus,65031,53518,666
763,210,LM,Lateral mammillary nucleus,Hypothalamus,4951,2062,53
764,491,MM,Medial mammillary nucleus,Hypothalamus,34601,36227,374
765,732,Mmme,"Medial mammillary nucleus, median part",Hypothalamus,4967,0,17
766,525,SUM,Supramammillary nucleus,Hypothalamus,16305,12409,191
767,1110,SUMl,"Supramammillary nucleus, lateral part",Hypothalamus,0,0,138
768,1118,SUMm,"Supramammillary nucleus, medial part",Hypothalamus,0,0,53
769,557,TM,Tuberomammillary nucleus,Hypothalamus,9174,2820,48
770,1126,TMd,"Tuberomammillary nucleus, dorsal part",Hypothalamus,2243,936,17
771,1,TMv,"Tuberomammillary nucleus, ventral part",Hypothalamus,6931,1884,31
772,515,MPN,Medial preoptic nucleus,Hypothalamus,25896,13213,215
773,740,MPNc,"Medial preoptic nucleus, central part",Hypothalamus,0,0,6
774,748,MPNl,"Medial preoptic nucleus, lateral part",Hypothalamus,0,0,86
775,756,MPNm,"Medial preoptic nucleus, medial part",Hypothalamus,0,0,107
776,980,PMd,Dorsal premammillary nucleus,Hypothalamus,8433,5281,84
777,1004,PMv,Ventral premammillary nucleus,Hypothalamus,12528,5630,88
778,63,PVHd,"Paraventricular hypothalamic nucleus, descending division",Hypothalamus,8369,3051,48
779,439,PVHdp,"Paraventricular hypothalamic nucleus, descending division, dorsal parvicellular part",Hypothalamus,0,0,16
780,447,PVHf,"Paraventricular hypothalamic nucleus, descending division, forniceal part",Hypothalamus,0,0,5
781,455,PVHlp,"Paraventricular hypothalamic nucleus, descending division, lateral parvicellular part",Hypothalamus,0,0,23
782,464,PVHmpv,"Paraventricular hypothalamic nucleus, descending division, medial parvicellular part, ventral zone",Hypothalamus,0,0,4
783,693,VMH,Ventromedial hypothalamic nucleus,Hypothalamus,35169,29872,456
784,761,VMHa,"Ventromedial hypothalamic nucleus, anterior part",Hypothalamus,0,0,16
785,769,VMHc,"Ventromedial hypothalamic nucleus, central part",Hypothalamus,0,0,128
786,777,VMHdm,"Ventromedial hypothalamic nucleus, dorsomedial part",Hypothalamus,0,0,123
787,785,VMHvl,"Ventromedial hypothalamic nucleus, ventrolateral part",Hypothalamus,0,0,189
788,946,PH,Posterior hypothalamic nucleus,Hypothalamus,45251,47189,697
789,290,LZ,Hypothalamic lateral zone,Hypothalamus,363918,439419,7777
790,194,LHA,Lateral hypothalamic area,Hypothalamus,132570,218492,3568
791,226,LPO,Lateral preoptic area,Hypothalamus,35519,65423,1081
792,356,PST,Preparasubthalamic nucleus,Hypothalamus,816,912,14
793,364,PSTN,Parasubthalamic nucleus,Hypothalamus,10628,3901,66
794,576073704,PeF,Perifornical nucleus,Hypothalamus,13728,0,
795,173,RCH,Retrochiasmatic area,Hypothalamus,9449,16634,234
796,470,STN,Subthalamic nucleus,Hypothalamus,12463,11971,204
797,614,TU,Tuberal nucleus,Hypothalamus,33500,30356,466
798,797,ZI,Zona incerta,Hypothalamus,115245,91730,2144
799,796,A13,Dopaminergic A13 group,Hypothalamus,0,0,25
800,804,FF,Fields of Forel,Hypothalamus,15439,3662,57
801,10671,ME,Median eminence,Hypothalamus,5077,0,55
802,313,MB,Midbrain,Midbrain,2351722,2331673,33553
803,339,MBsen,"Midbrain, sensory related",Midbrain,438991,518896,8672
804,302,SCs,"Superior colliculus, sensory related",Midbrain,138134,138504,2505
805,851,SCop,"Superior colliculus, optic layer",Midbrain,41155,41274,508
806,842,SCsg,"Superior colliculus, superficial gray layer",Midbrain,73727,97230,1227
807,834,SCzo,"Superior colliculus, zonal layer",Midbrain,23252,0,770
808,4,IC,Inferior colliculus,Midbrain,284601,357773,5824
809,811,ICc,"Inferior colliculus, central nucleus",Midbrain,72083,0,1684
810,820,ICd,"Inferior colliculus, dorsal nucleus",Midbrain,84648,0,1149
811,828,ICe,"Inferior colliculus, external nucleus",Midbrain,127870,0,2991
812,580,NB,Nucleus of the brachium of the inferior colliculus,Midbrain,5607,8983,109
813,271,SAG,Nucleus sagulum,Midbrain,6286,5980,93
814,874,PBG,Parabigeminal nucleus,Midbrain,2852,5430,64
815,460,MEV,Midbrain trigeminal nucleus,Midbrain,606,2226,77
816,323,MBmot,"Midbrain, motor related",Midbrain,1362923,1378910,22333
817,381,SNr,"Substantia nigra, reticular part",Midbrain,99080,107010,1241
818,749,VTA,Ventral tegmental area,Midbrain,27365,51455,747
819,246,RR,"Midbrain reticular nucleus, retrorubral area",Midbrain,8846,27478,401
820,128,MRN,Midbrain reticular nucleus,Midbrain,329045,311620,5604
821,539,MRNm,"Midbrain reticular nucleus, magnocellular part",Midbrain,0,0,0
822,548,MRNmg,"Midbrain reticular nucleus, magnocellular part, general",Midbrain,0,0,0
823,555,MRNp,"Midbrain reticular nucleus, parvicellular part",Midbrain,0,0,0
824,294,SCm,"Superior colliculus, motor related",Midbrain,362060,406924,6779
825,26,SCdg,"Superior colliculus, motor related, deep gray layer",Midbrain,76483,78038,2327
826,42,SCdw,"Superior colliculus, motor related, deep white layer",Midbrain,21283,21888,114
827,17,SCiw,"Superior colliculus, motor related, intermediate white layer",Midbrain,133937,134245,941
828,10,SCig,"Superior colliculus, motor related, intermediate gray layer",Midbrain,130357,172753,3397
829,494,SCig-a,"Superior colliculus, motor related, intermediate gray layer, sublayer a",Midbrain,0,8243,527
830,503,SCig-b,"Superior colliculus, motor related, intermediate gray layer, sublayer b",Midbrain,0,26045,1150
831,511,SCig-c,"Superior colliculus, motor related, intermediate gray layer, sublayer c",Midbrain,0,4918,271
832,795,PAG,Periaqueductal gray,Midbrain,300258,294133,5104
833,50,PRC,Precommissural nucleus,Midbrain,10968,5291,75
834,67,INC,Interstitial nucleus of Cajal,Midbrain,5086,3513,46
835,587,ND,Nucleus of Darkschewitsch,Midbrain,5871,1935,86
836,1100,PRT,Pretectal region,Midbrain,133081,111364,1599
837,215,APN,Anterior pretectal nucleus,Midbrain,81666,73669,967
838,531,MPT,Medial pretectal area,Midbrain,2821,7298,104
839,628,NOT,Nucleus of the optic tract,Midbrain,13159,5492,131
840,634,NPC,Nucleus of the posterior commissure,Midbrain,18484,15510,263
841,706,OP,Olivary pretectal nucleus,Midbrain,3733,5117,76
842,1061,PPT,Posterior pretectal nucleus,Midbrain,9225,4278,58
843,549009203,RPF,Retroparafascicular nucleus,Midbrain,3993,0,
844,549009207,InCo,Intercollicular nucleus,Midbrain,0,0,
845,616,CUN,Cuneiform nucleus,Midbrain,35272,18893,330
846,214,RN,Red nucleus,Midbrain,50443,41425,357
847,35,III,Oculomotor nucleus,Midbrain,2084,2303,41
848,549009211,MA3,Medial accesory oculomotor nucleus,Midbrain,1040,0,
849,975,EW,Edinger-Westphal nucleus,Midbrain,1664,2053,26
850,115,IV,Trochlear nucleus,Midbrain,454,466,11
851,757,VTN,Ventral tegmental nucleus,Midbrain,2418,2406,51
852,231,AT,Anterior tegmental nucleus,Midbrain,2757,998,31
853,66,LT,Lateral terminal nucleus of the accessory optic tract,Midbrain,1147,382,11
854,75,DT,Dorsal terminal nucleus of the accessory optic tract,Midbrain,725,0,0
855,58,MT,Medial terminal nucleus of the accessory optic tract,Midbrain,2753,0,0
856,615,SNl,"Substantia nigra, lateral part",Midbrain,0,0,0
857,348,MBsta,"Midbrain, behavioral state related",Midbrain,116692,82177,1402
858,374,SNc,"Substantia nigra, compact part",Midbrain,12629,13715,431
859,1052,PPN,Pedunculopontine nucleus,Midbrain,56987,29476,458
860,165,RAmb,Midbrain raphe nuclei,Midbrain,47076,38986,513
861,12,IF,Interfascicular nucleus raphe,Midbrain,5559,2156,31
862,100,IPN,Interpeduncular nucleus,Midbrain,22817,22723,257
863,197,RL,Rostral linear nucleus raphe,Midbrain,3546,710,12
864,591,CLI,Central linear nucleus raphe,Midbrain,5340,5341,68
865,872,DR,Dorsal nucleus raphe,Midbrain,9814,8056,145
866,1065,HB,Hindbrain,,3051283,3028738,37889
867,771,P,Pons,Pons,1069305,1204035,14128
868,1132,P-sen,"Pons, sensory related",Pons,245954,198072,3497
869,612,NLL,Nucleus of the lateral lemniscus,Pons,46328,41788,753
870,82,NLLd,"Nucleus of the lateral lemniscus, dorsal part",Pons,0,0,192
871,90,NLLh,"Nucleus of the lateral lemniscus, horizontal part",Pons,0,0,54
872,99,NLLv,"Nucleus of the lateral lemniscus, ventral part",Pons,0,0,507
873,7,PSV,Principal sensory nucleus of the trigeminal,Pons,70327,70385,1093
874,867,PB,Parabrachial nucleus,Pons,71766,55843,832
875,123,KF,Koelliker-Fuse subnucleus,Pons,11222,0,151
876,881,PBl,"Parabrachial nucleus, lateral division",Pons,0,0,454
877,860,PBlc,"Parabrachial nucleus, lateral division, central lateral part",Pons,0,0,151
878,868,PBld,"Parabrachial nucleus, lateral division, dorsal lateral part",Pons,0,0,53
879,875,PBle,"Parabrachial nucleus, lateral division, external lateral part",Pons,0,0,65
880,883,PBls,"Parabrachial nucleus, lateral division, superior lateral part",Pons,0,0,102
881,891,PBlv,"Parabrachial nucleus, lateral division, ventral lateral part",Pons,0,0,83
882,890,PBm,"Parabrachial nucleus, medial division",Pons,0,0,227
883,899,PBme,"Parabrachial nucleus, medial division, external medial part",Pons,0,0,28
884,915,PBmm,"Parabrachial nucleus, medial division, medial medial part",Pons,0,0,199
885,923,PBmv,"Parabrachial nucleus, medial division, ventral medial part",Pons,0,0,0
886,398,SOC,Superior olivary complex,Pons,57533,30056,819
887,122,POR,"Superior olivary complex, periolivary region",Pons,23362,8213,688
888,105,SOCm,"Superior olivary complex, medial part",Pons,12516,9435,52
889,114,SOCl,"Superior olivary complex, lateral part",Pons,21655,12408,79
890,987,P-mot,"Pons, motor related",Pons,370769,387124,5989
891,280,B,Barrington's nucleus,Pons,994,2272,32
892,880,DTN,Dorsal tegmental nucleus,Pons,6637,5586,97
893,283,LTN,Lateral tegmental nucleus,Pons,0,0,0
894,898,PCG,Pontine central gray,Pons,34776,38868,652
895,931,PG,Pontine gray,Pons,61699,60851,705
896,1093,PRNc,"Pontine reticular nucleus, caudal part",Pons,150278,198025,3159
897,552,PRNv,"Pontine reticular nucleus, ventral part",Pons,0,0,0
898,318,SG,Supragenual nucleus,Pons,1111,1128,18
899,462,SSN,Superior salivatory nucleus,Pons,0,0,0
900,534,SUT,Supratrigeminal nucleus,Pons,16640,10567,164
901,574,TRN,Tegmental reticular nucleus,Pons,44144,45575,669
902,621,V,Motor nucleus of trigeminal,Pons,22692,24252,493
903,549009215,P5,Peritrigeminal zone,Pons,20516,0,
904,549009219,Acs5,Accessory trigeminal nucleus,Pons,914,0,
905,549009223,PC5,Parvicellular motor 5 nucleus,Pons,4487,0,
906,549009227,I5,Intertrigeminal nucleus,Pons,2819,0,
907,1117,P-sat,"Pons, behavioral state related",Pons,221236,234170,3890
908,679,CS,Superior central nucleus raphe,Pons,38338,43388,584
909,137,CSl,"Superior central nucleus raphe, lateral part",Pons,0,0,311
910,130,CSm,"Superior central nucleus raphe, medial part",Pons,0,0,273
911,147,LC,Locus ceruleus,Pons,931,1042,49
912,162,LDT,Laterodorsal tegmental nucleus,Pons,13054,7472,133
913,604,NI,Nucleus incertus,Pons,6776,8536,125
914,146,PRNr,Pontine reticular nucleus,Pons,151264,164040,2827
915,238,RPO,Nucleus raphe pontis,Pons,6164,2777,62
916,350,SLC,Subceruleus nucleus,Pons,1694,1954,34
917,358,SLD,Sublaterodorsal nucleus,Pons,3015,4961,76
918,354,MY,Medulla,Medulla,1981978,1824703,23761
919,386,MY-sen,"Medulla, sensory related",Medulla,507908,349501,5889
920,207,AP,Area postrema,Medulla,3397,2893,31
921,607,CN,Cochlear nuclei,Medulla,104247,86101,1502
922,112,CNlam,Granular lamina of the cochlear nuclei,Medulla,0,0,41
923,560,CNspg,"Cochlear nucleus, subpedunclular granular region",Medulla,0,0,43
924,96,DCO,Dorsal cochlear nucleus,Medulla,39123,37734,564
925,101,VCO,Ventral cochlear nucleus,Medulla,65124,48367,854
926,720,DCN,Dorsal column nuclei,Medulla,26574,23398,232
927,711,CU,Cuneate nucleus,Medulla,21342,19078,185
928,1039,GR,Gracile nucleus,Medulla,5232,4320,47
929,903,ECU,External cuneate nucleus,Medulla,13130,5822,266
930,642,NTB,Nucleus of the trapezoid body,Medulla,9895,6415,147
931,651,NTS,Nucleus of the solitary tract,Medulla,54354,31890,604
932,659,NTSce,"Nucleus of the solitary tract, central part",Medulla,0,0,8
933,666,NTSco,"Nucleus of the solitary tract, commissural part",Medulla,0,0,40
934,674,NTSge,"Nucleus of the solitary tract, gelatinous part",Medulla,0,0,20
935,682,NTSl,"Nucleus of the solitary tract, lateral part",Medulla,0,0,232
936,691,NTSm,"Nucleus of the solitary tract, medial part",Medulla,0,0,304
937,429,SPVC,"Spinal nucleus of the trigeminal, caudal part",Medulla,107628,84534,806
938,437,SPVI,"Spinal nucleus of the trigeminal, interpolar part",Medulla,118142,75635,1707
939,445,SPVO,"Spinal nucleus of the trigeminal, oral part",Medulla,63978,32813,594
940,77,SPVOcdm,"Spinal nucleus of the trigeminal, oral part, caudal dorsomedial part",Medulla,0,0,38
941,53,SPVOmdmd,"Spinal nucleus of the trigeminal, oral part, middle dorsomedial part, dorsal zone",Medulla,0,0,52
942,61,SPVOmdmv,"Spinal nucleus of the trigeminal, oral part, middle dorsomedial part, ventral zone",Medulla,0,0,64
943,45,SPVOrdm,"Spinal nucleus of the trigeminal, oral part, rostral dorsomedial part",Medulla,0,0,98
944,69,SPVOvl,"Spinal nucleus of the trigeminal, oral part, ventrolateral part",Medulla,0,0,342
945,589508451,Pa5,Paratrigeminal nucleus,Medulla,6563,0,
946,789,z,Nucleus z,Medulla,0,0,0
947,370,MY-mot,"Medulla, motor related",Medulla,1119368,888355,15990
948,653,VI,Abducens nucleus,Medulla,1949,1290,14
949,568,ACVI,Accessory abducens nucleus,Medulla,0,0,0
950,661,VII,Facial motor nucleus,Medulla,58708,51799,660
951,576,ACVII,Accessory facial motor nucleus,Medulla,353,350,15
952,640,EV,Efferent vestibular nucleus,Medulla,0,0,0
953,135,AMB,Nucleus ambiguus,Medulla,2763,2616,143
954,939,AMBd,"Nucleus ambiguus, dorsal division",Medulla,1359,1210,33
955,143,AMBv,"Nucleus ambiguus, ventral division",Medulla,1404,1406,75
956,839,DMX,Dorsal motor nucleus of the vagus nerve,Medulla,11139,5665,91
957,887,ECO,Efferent cochlear group,Medulla,0,0,0
958,1048,GRN,Gigantocellular reticular nucleus,Medulla,167474,121816,2972
959,372,ICB,Infracerebellar nucleus,Medulla,3458,624,6
960,83,IO,Inferior olivary complex,Medulla,32619,33071,567
961,136,IRN,Intermediate reticular nucleus,Medulla,177667,153949,2735
962,106,ISN,Inferior salivatory nucleus,Medulla,460,456,58
963,203,LIN,Linear nucleus of the medulla,Medulla,3948,1644,28
964,235,LRN,Lateral reticular nucleus,Medulla,36465,31634,562
965,955,LRNm,"Lateral reticular nucleus, magnocellular part",Medulla,32803,0,517
966,963,LRNp,"Lateral reticular nucleus, parvicellular part",Medulla,3662,0,36
967,307,MARN,Magnocellular reticular nucleus,Medulla,34099,41122,734
968,395,MDRN,Medullary reticular nucleus,Medulla,130048,70766,1522
969,1098,MDRNd,"Medullary reticular nucleus, dorsal part",Medulla,69925,22557,491
970,1107,MDRNv,"Medullary reticular nucleus, ventral part",Medulla,60123,48209,1031
971,852,PARN,Parvicellular reticular nucleus,Medulla,143835,118338,1597
972,859,PAS,Parasolitary nucleus,Medulla,1790,860,21
973,938,PGRN,Paragigantocellular reticular nucleus,Medulla,60721,52132,907
974,970,PGRNd,"Paragigantocellular reticular nucleus, dorsal part",Medulla,15277,9881,215
975,978,PGRNl,"Paragigantocellular reticular nucleus, lateral part",Medulla,45444,42251,692
976,154,PHY,Perihypoglossal nuclei,Medulla,17341,11401,374
977,161,NIS,Nucleus intercalatus,Medulla,0,0,0
978,177,NR,Nucleus of Roller,Medulla,1943,1389,18
979,169,PRP,Nucleus prepositus,Medulla,15398,10012,356
980,995,PMR,Paramedian reticular nucleus,Medulla,0,0,0
981,1069,PPY,Parapyramidal nucleus,Medulla,6058,2505,53
982,185,PPYd,"Parapyramidal nucleus, deep part",Medulla,0,0,0
983,193,PPYs,"Parapyramidal nucleus, superficial part",Medulla,0,0,0
984,701,VNC,Vestibular nuclei,Medulla,205319,158145,2545
985,209,LAV,Lateral vestibular nucleus,Medulla,18403,9057,494
986,202,MV,Medial vestibular nucleus,Medulla,116330,86910,1178
987,225,SPIV,Spinal vestibular nucleus,Medulla,47927,39468,513
988,217,SUV,Superior vestibular nucleus,Medulla,22659,22710,360
989,765,x,Nucleus x,Medulla,3646,3979,52
990,773,XII,Hypoglossal nucleus,Medulla,18007,22521,315
991,781,y,Nucleus y,Medulla,1501,1672,19
992,76,INV,Interstitial nucleus of the vestibular nerve,Medulla,0,0,0
993,379,MY-sat,"Medulla, behavioral state related",Medulla,14448,11346,232
994,206,RM,Nucleus raphe magnus,Medulla,7657,8135,134
995,230,RPA,Nucleus raphe pallidus,Medulla,4336,2242,51
996,222,RO,Nucleus raphe obscurus,Medulla,2455,969,47
997,512,CB,Cerebellum,Cerebellum,3445073,3390572,43963
998,528,CBX,Cerebellar cortex,Cerebellum,3278129,3281245,42740
999,645,VERM,Vermal regions,Cerebellum,1297102,1284982,16854
1000,912,LING,Lingula (I),Cerebellum,7751,7942,91
1001,10707,LINGmo,"Lingula (I), molecular layer",Cerebellum,0,0,59
1002,10706,LINGpu,"Lingula (I), Purkinje layer",Cerebellum,0,0,0
1003,10705,LINGgr,"Lingula (I), granular layer",Cerebellum,0,0,32
1004,920,CENT,Central lobule,Cerebellum,260812,250358,3839
1005,976,CENT2,Lobule II,Cerebellum,85398,0,1278
1006,10710,CENT2mo,"Lobule II, molecular layer",Cerebellum,0,0,736
1007,10709,CENT2pu,"Lobule II, Purkinje layer",Cerebellum,0,0,0
1008,10708,CENT2gr,"Lobule II, granular layer",Cerebellum,0,0,542
1009,984,CENT3,Lobule III,Cerebellum,175414,0,2561
1010,10713,CENT3mo,"Lobule III, molecular layer",Cerebellum,0,0,1369
1011,10712,CENT3pu,"Lobule III, Purkinje layer",Cerebellum,0,0,0
1012,10711,CENT3gr,"Lobule III, granular layer",Cerebellum,0,0,1192
1013,928,CUL,Culmen,Cerebellum,430441,448510,6635
1014,992,CUL4,Lobule IV,Cerebellum,0,0,0
1015,10716,CUL4mo,"Lobule IV, molecular layer",Cerebellum,0,0,0
1016,10715,CUL4pu,"Lobule IV, Purkinje layer",Cerebellum,0,0,0
1017,10714,CUL4gr,"Lobule IV, granular layer",Cerebellum,0,0,0
1018,1001,CUL5,Lobule V,Cerebellum,0,0,0
1019,10719,CUL5mo,"Lobule V, molecular layer",Cerebellum,0,0,0
1020,10718,CUL5pu,"Lobule V, Purkinje layer",Cerebellum,0,0,0
1021,10717,CUL5gr,"Lobule V, granular layer",Cerebellum,0,0,0
1022,1091,"CUL4, 5",Lobules IV-V,Cerebellum,430441,0,6635
1023,10722,"CUL4, 5mo","Lobules IV-V, molecular layer",Cerebellum,0,0,3866
1024,10721,"CUL4, 5pu","Lobules IV-V, Purkinje layer",Cerebellum,0,0,0
1025,10720,"CUL4, 5gr","Lobules IV-V, granular layer",Cerebellum,0,0,2769
1026,936,DEC,Declive (VI),Cerebellum,213303,239591,2572
1027,10725,DECmo,"Declive (VI), molecular layer",Cerebellum,0,0,1450
1028,10724,DECpu,"Declive (VI), Purkinje layer",Cerebellum,0,0,0
1029,10723,DECgr,"Declive (VI), granular layer",Cerebellum,0,0,1122
1030,944,FOTU,Folium-tuber vermis (VII),Cerebellum,67534,58946,323
1031,10728,FOTUmo,"Folium-tuber vermis (VII), molecular layer",Cerebellum,0,0,195
1032,10727,FOTUpu,"Folium-tuber vermis (VII), Purkinje layer",Cerebellum,0,0,0
1033,10726,FOTUgr,"Folium-tuber vermis (VII), granular layer",Cerebellum,0,0,128
1034,951,PYR,Pyramus (VIII),Cerebellum,79865,58832,551
1035,10731,PYRmo,"Pyramus (VIII), molecular layer",Cerebellum,0,0,315
1036,10730,PYRpu,"Pyramus (VIII), Purkinje layer",Cerebellum,0,0,0
1037,10729,PYRgr,"Pyramus (VIII), granular layer",Cerebellum,0,0,236
1038,957,UVU,Uvula (IX),Cerebellum,140247,140142,1567
1039,10734,UVUmo,"Uvula (IX), molecular layer",Cerebellum,0,0,852
1040,10733,UVUpu,"Uvula (IX), Purkinje layer",Cerebellum,0,0,0
1041,10732,UVUgr,"Uvula (IX), granular layer",Cerebellum,0,0,715
1042,968,NOD,Nodulus (X),Cerebellum,97149,80661,1276
1043,10737,NODmo,"Nodulus (X), molecular layer",Cerebellum,0,0,673
1044,10736,NODpu,"Nodulus (X), Purkinje layer",Cerebellum,0,0,0
1045,10735,NODgr,"Nodulus (X), granular layer",Cerebellum,0,0,603
1046,1073,HEM,Hemispheric regions,Cerebellum,1981027,1996263,25886
1047,1007,SIM,Simple lobule,Cerebellum,364470,351345,5218
1048,10674,SIMmo,"Simple lobule, molecular layer",Cerebellum,0,0,3127
1049,10673,SIMpu,"Simple lobule, Purkinje layer",Cerebellum,0,0,0
1050,10672,SIMgr,"Simple lobule, granular layer",Cerebellum,0,0,2091
1051,1017,AN,Ansiform lobule,Cerebellum,691709,733048,9044
1052,1056,ANcr1,Crus 1,Cerebellum,364503,0,5181
1053,10677,ANcr1mo,"Crus 1, molecular layer",Cerebellum,0,0,2963
1054,10676,ANcr1pu,"Crus 1, Purkinje layer",Cerebellum,0,0,0
1055,10675,ANcr1gr,"Crus 1, granular layer",Cerebellum,0,0,2218
1056,1064,ANcr2,Crus 2,Cerebellum,327206,0,3863
1057,10680,ANcr2mo,"Crus 2, molecular layer",Cerebellum,0,0,2132
1058,10679,ANcr2pu,"Crus 2, Purkinje layer",Cerebellum,0,0,0
1059,10678,ANcr2gr,"Crus 2, granular layer",Cerebellum,0,0,1731
1060,1025,PRM,Paramedian lobule,Cerebellum,312452,315291,3243
1061,10683,PRMmo,"Paramedian lobule, molecular layer",Cerebellum,0,0,1892
1062,10682,PRMpu,"Paramedian lobule, Purkinje layer",Cerebellum,0,0,0
1063,10681,PRMgr,"Paramedian lobule, granular layer",Cerebellum,0,0,1351
1064,1033,COPY,Copula pyramidis,Cerebellum,160428,155348,1750
1065,10686,COPYmo,"Copula pyramidis, molecular layer",Cerebellum,0,0,966
1066,10685,COPYpu,"Copula pyramidis, Purkinje layer",Cerebellum,0,0,0
1067,10684,COPYgr,"Copula pyramidis, granular layer",Cerebellum,0,0,784
1068,1041,PFL,Paraflocculus,Cerebellum,366493,356892,5283
1069,10689,PFLmo,"Paraflocculus, molecular layer",Cerebellum,0,0,2985
1070,10688,PFLpu,"Paraflocculus, Purkinje layer",Cerebellum,0,0,0
1071,10687,PFLgr,"Paraflocculus, granular layer",Cerebellum,0,0,2298
1072,1049,FL,Flocculus,Cerebellum,85475,84339,1348
1073,10692,FLmo,"Flocculus, molecular layer",Cerebellum,0,0,737
1074,10691,FLpu,"Flocculus, Purkinje layer",Cerebellum,0,0,0
1075,10690,FLgr,"Flocculus, granular layer",Cerebellum,0,0,611
1076,1144,CBXmo,"Cerebellar cortex, molecular layer",Cerebellum,0,0,0
1077,1145,CBXpu,"Cerebellar cortex, Purkinje layer",Cerebellum,0,0,0
1078,1143,CBXgr,"Cerebellar cortex, granular layer",Cerebellum,0,0,0
1079,519,CBN,Cerebellar nuclei,Cerebellum,114157,109326,1116
1080,989,FN,Fastigial nucleus,Cerebellum,32062,32651,337
1081,91,IP,Interposed nucleus,Cerebellum,55134,55207,529
1082,846,DN,Dentate nucleus,Cerebellum,21510,21468,250
1083,589508455,VeCB,Vestibulocerebellar nucleus,Cerebellum,5451,0,
1084,1009,fiber tracts,fiber tracts,fiber tracts,3003500,2942128,68388
1085,967,cm,cranial nerves,fiber tracts,790233,793161,20631
1086,885,tn,terminal nerve,fiber tracts,0,0,0
1087,949,von,vomeronasal nerve,fiber tracts,862,17,65
1088,840,In,olfactory nerve,fiber tracts,381763,388464,7554
1089,1016,onl,olfactory nerve layer of main olfactory bulb,fiber tracts,265144,251153,4092
1090,21,lotg,"lateral olfactory tract, general",fiber tracts,67975,81071,1744
1091,665,lot,"lateral olfactory tract, body",fiber tracts,57927,81071,1716
1092,538,lotd,dorsal limb,fiber tracts,10048,0,28
1093,459,aolt,accessory olfactory tract,fiber tracts,0,0,0
1094,900,aco,"anterior commissure, olfactory limb",fiber tracts,48644,56240,1718
1095,848,IIn,optic nerve,fiber tracts,83438,65426,2713
1096,876,aot,accessory optic tract,fiber tracts,0,0,0
1097,916,bsc,brachium of the superior colliculus,fiber tracts,12763,0,800
1098,336,csc,superior colliculus commissure,fiber tracts,1753,0,67
1099,117,och,optic chiasm,fiber tracts,19633,18309,540
1100,125,opt,optic tract,fiber tracts,44749,43331,1306
1101,357,ttp,tectothalamic pathway,fiber tracts,0,0,0
1102,832,IIIn,oculomotor nerve,fiber tracts,13331,71322,1581
1103,62,mlf,medial longitudinal fascicle,fiber tracts,9452,67923,1497
1104,158,pc,posterior commissure,fiber tracts,3358,3399,84
1105,911,IVn,trochlear nerve,fiber tracts,448,451,0
1106,384,IVd,trochlear nerve decussation,fiber tracts,0,0,0
1107,710,VIn,abducens nerve,fiber tracts,0,0,0
1108,901,Vn,trigeminal nerve,fiber tracts,152592,106791,2717
1109,93,moV,motor root of the trigeminal nerve,fiber tracts,3816,3952,298
1110,229,sV,sensory root of the trigeminal nerve,fiber tracts,148776,102839,1891
1111,705,mtV,midbrain tract of the trigeminal nerve,fiber tracts,0,840,33
1112,794,sptV,spinal tract of the trigeminal nerve,fiber tracts,104258,101999,1858
1113,798,VIIn,facial nerve,fiber tracts,6903,6612,382
1114,1131,iVIIn,intermediate nerve,fiber tracts,0,0,0
1115,1116,gVIIn,genu of the facial nerve,fiber tracts,1845,0,122
1116,933,VIIIn,vestibulocochlear nerve,fiber tracts,106337,116824,3674
1117,1076,cvb,efferent cochleovestibular bundle,fiber tracts,0,0,0
1118,413,vVIIIn,vestibular nerve,fiber tracts,16023,15391,229
1119,948,cVIIIn,cochlear nerve,fiber tracts,90314,101433,3366
1120,841,tb,trapezoid body,fiber tracts,19238,17735,1054
1121,641,ias,intermediate acoustic stria,fiber tracts,0,0,0
1122,506,das,dorsal acoustic stria,fiber tracts,773,0,0
1123,658,ll,lateral lemniscus,fiber tracts,53354,60621,1656
1124,633,cic,inferior colliculus commissure,fiber tracts,1152,1282,9
1125,482,bic,brachium of the inferior colliculus,fiber tracts,15797,21795,647
1126,808,IXn,glossopharyngeal nerve,fiber tracts,0,0,0
1127,917,Xn,vagus nerve,fiber tracts,599,652,94
1128,237,ts,solitary tract,fiber tracts,599,652,94
1129,717,XIn,accessory spinal nerve,fiber tracts,0,0,0
1130,813,XIIn,hypoglossal nerve,fiber tracts,0,0,0
1131,925,vrt,ventral roots,fiber tracts,0,0,0
1132,792,drt,dorsal roots,fiber tracts,43960,36602,1851
1133,932,cett,cervicothalamic tract,fiber tracts,43960,36602,1851
1134,570,dl,dorsolateral fascicle,fiber tracts,0,0,0
1135,522,dcm,dorsal commissure of the spinal cord,fiber tracts,0,0,0
1136,858,vc,ventral commissure of the spinal cord,fiber tracts,0,0,0
1137,586,fpr,fasciculus proprius,fiber tracts,0,0,0
1138,514,dc,dorsal column,fiber tracts,1427,1782,78
1139,380,cuf,cuneate fascicle,fiber tracts,1427,1592,67
1140,388,grf,gracile fascicle,fiber tracts,0,190,11
1141,396,iaf,internal arcuate fibers,fiber tracts,0,0,0
1142,697,ml,medial lemniscus,fiber tracts,42533,34820,1773
1143,871,sst,spinothalamic tract,fiber tracts,0,0,0
1144,29,sttl,lateral spinothalamic tract,fiber tracts,0,0,0
1145,389,sttv,ventral spinothalamic tract,fiber tracts,0,0,0
1146,245,scrt,spinocervical tract,fiber tracts,0,0,0
1147,261,sop,spino-olivary pathway,fiber tracts,0,0,0
1148,270,srp,spinoreticular pathway,fiber tracts,0,0,0
1149,293,svp,spinovestibular pathway,fiber tracts,0,0,0
1150,277,stp,spinotectal pathway,fiber tracts,0,0,0
1151,253,shp,spinohypothalamic pathway,fiber tracts,0,0,0
1152,285,step,spinotelenchephalic pathway,fiber tracts,0,0,0
1153,627,hht,hypothalamohypophysial tract,fiber tracts,0,0,0
1154,960,cbf,cerebellum related fiber tracts,fiber tracts,627720,587842,16002
1155,744,cbc,cerebellar commissure,fiber tracts,4378,0,362
1156,752,cbp,cerebellar peduncles,fiber tracts,180381,136173,6843
1157,326,scp,superior cerebelar peduncles,fiber tracts,54831,28914,2744
1158,812,dscp,superior cerebellar peduncle decussation,fiber tracts,3004,0,402
1159,85,sct,spinocerebellar tract,fiber tracts,0,0,0
1160,850,uf,uncinate fascicle,fiber tracts,5431,0,0
1161,866,sctv,ventral spinocerebellar tract,fiber tracts,18263,0,1633
1162,78,mcp,middle cerebellar peduncle,fiber tracts,69910,59418,2685
1163,1123,icp,inferior cerebellar peduncle,fiber tracts,55640,47841,1414
1164,553,sctd,dorsal spinocerebellar tract,fiber tracts,9396,0,0
1165,499,cct,cuneocerebellar tract,fiber tracts,0,0,0
1166,650,jrb,juxtarestiform body,fiber tracts,0,0,0
1167,490,bct,bulbocerebellar tract,fiber tracts,0,0,0
1168,404,oct,olivocerebellar tract,fiber tracts,0,0,0
1169,410,rct,reticulocerebellar tract,fiber tracts,0,0,0
1170,373,tct,trigeminocerebellar tract,fiber tracts,0,0,0
1171,728,arb,arbor vitae,fiber tracts,442961,451669,8797
1172,484682512,scwm,supra-callosal cerebral white matter,fiber tracts,68626,0,
1173,983,lfbs,lateral forebrain bundle system,fiber tracts,887663,892075,18459
1174,776,cc,corpus callosum,fiber tracts,499495,632720,10548
1175,956,fa,"corpus callosum, anterior forceps",fiber tracts,110753,0,4273
1176,579,ec,external capsule,fiber tracts,56036,0,2982
1177,964,ee,"corpus callosum, extreme capsule",fiber tracts,5982,0,0
1178,1108,ccg,genu of corpus callosum,fiber tracts,53119,0,751
1179,971,fp,"corpus callosum, posterior forceps",fiber tracts,87205,0,735
1180,979,ccr,"corpus callosum, rostrum",fiber tracts,0,0,0
1181,484682516,ccb,"corpus callosum, body",fiber tracts,194643,0,
1182,986,ccs,"corpus callosum, splenium",fiber tracts,47793,0,206
1183,784,cst,corticospinal tract,fiber tracts,236497,250937,7413
1184,6,int,internal capsule,fiber tracts,134366,155764,3406
1185,924,cpd,cerebal peduncle,fiber tracts,56468,55637,2550
1186,1036,cte,corticotectal tract,fiber tracts,0,0,0
1187,1012,crt,corticorubral tract,fiber tracts,0,0,0
1188,1003,cpt,corticopontine tract,fiber tracts,0,0,0
1189,994,cbt,corticobulbar tract,fiber tracts,0,0,0
1190,190,py,pyramid,fiber tracts,35873,34577,1177
1191,198,pyd,pyramidal decussation,fiber tracts,4412,0,0
1192,1019,cstc,"corticospinal tract, crossed",fiber tracts,0,0,0
1193,1028,cstu,"corticospinal tract, uncrossed",fiber tracts,0,0,0
1194,896,lfbst,thalamus related,fiber tracts,151671,8418,498
1195,1092,em,external medullary lamina of the thalamus,fiber tracts,7079,8312,479
1196,14,im,internal medullary lamina of the thalamus,fiber tracts,0,106,19
1197,86,mtc,middle thalamic commissure,fiber tracts,0,0,0
1198,365,tp,thalamic peduncles,fiber tracts,0,0,0
1199,484682520,or,optic radiation,fiber tracts,118419,0,
1200,484682524,ar,auditory radiation,fiber tracts,26173,0,
1201,1000,eps,extrapyramidal fiber systems,fiber tracts,78633,39562,1223
1202,760,epsc,cerebral nuclei related,fiber tracts,7192,0,0
1203,142,pap,pallidothalamic pathway,fiber tracts,0,0,0
1204,102,nst,nigrostriatal tract,fiber tracts,7192,0,0
1205,109,ntt,nigrothalamic fibers,fiber tracts,0,0,0
1206,134,ptf,pallidotegmental fascicle,fiber tracts,0,0,0
1207,309,snp,striatonigral pathway,fiber tracts,0,0,0
1208,317,stf,subthalamic fascicle,fiber tracts,0,0,0
1209,877,tsp,tectospinal pathway,fiber tracts,32639,12641,418
1210,1051,tspd,direct tectospinal pathway,fiber tracts,1,0,0
1211,1060,dtd,doral tegmental decussation,fiber tracts,445,2632,89
1212,1043,tspc,crossed tectospinal pathway,fiber tracts,32193,0,0
1213,863,rust,rubrospinal tract,fiber tracts,38802,26921,805
1214,397,vtd,ventral tegmental decussation,fiber tracts,2380,4164,130
1215,221,rrt,rubroreticular tract,fiber tracts,0,0,0
1216,736,ctb,central tegmental bundle,fiber tracts,0,0,0
1217,855,rst,retriculospinal tract,fiber tracts,0,0,0
1218,205,rstl,"retriculospinal tract, lateral part",fiber tracts,0,0,0
1219,213,rstm,"retriculospinal tract, medial part",fiber tracts,0,0,0
1220,941,vsp,vestibulospinal pathway,fiber tracts,0,0,0
1221,991,mfbs,medial forebrain bundle system,fiber tracts,451212,395806,12073
1222,768,mfbc,cerebrum related,fiber tracts,398629,345602,10503
1223,884,amc,amygdalar capsule,fiber tracts,10521,4792,406
1224,892,apd,ansa peduncularis,fiber tracts,0,0,0
1225,908,act,"anterior commissure, temporal limb",fiber tracts,13607,13189,334
1226,940,cing,cingulum bundle,fiber tracts,80922,65550,984
1227,1099,fxs,fornix system,fiber tracts,271708,216423,7562
1228,466,alv,alveus,fiber tracts,89379,36066,3239
1229,530,df,dorsal fornix,fiber tracts,2395,4736,262
1230,603,fi,fimbria,fiber tracts,96935,90210,2161
1231,745,fxprg,"precommissural fornix, general",fiber tracts,0,0,0
1232,420,db,precommissural fornix diagonal band,fiber tracts,0,0,0
1233,737,fxpo,postcommissural fornix,fiber tracts,17740,17309,563
1234,428,mct,medial corticohypothalamic tract,fiber tracts,522,0,0
1235,436,fx,columns of the fornix,fiber tracts,17218,17309,563
1236,618,hc,hippocampal commissures,fiber tracts,65259,68102,1337
1237,443,dhc,dorsal hippocampal commissure,fiber tracts,61033,60607,1010
1238,449,vhc,ventral hippocampal commissure,fiber tracts,4226,7495,327
1239,713,per,perforant path,fiber tracts,0,0,0
1240,474,ab,angular path,fiber tracts,0,0,0
1241,37,lab,longitudinal association bundle,fiber tracts,0,0,0
1242,301,st,stria terminalis,fiber tracts,21871,45648,1217
1243,484682528,stc,commissural branch of stria terminalis,fiber tracts,2270,0,
1244,824,mfsbshy,hypothalamus related,fiber tracts,52583,50204,1570
1245,54,mfb,medial forebrain bundle,fiber tracts,3186,0,0
1246,405,vlt,ventrolateral hypothalamic tract,fiber tracts,0,0,0
1247,174,poc,preoptic commissure,fiber tracts,0,0,0
1248,349,sup,supraoptic commissures,fiber tracts,1672,0,0
1249,817,supa,"supraoptic commissures, anterior",fiber tracts,0,0,0
1250,825,supd,"supraoptic commissures, dorsal",fiber tracts,0,0,0
1251,833,supv,"supraoptic commissures, ventral",fiber tracts,0,0,0
1252,166,pmx,premammillary commissure,fiber tracts,0,0,0
1253,341,smd,supramammillary decussation,fiber tracts,0,1000,28
1254,182,php,propriohypothalamic pathways,fiber tracts,0,0,0
1255,762,phpd,"propriohypothalamic pathways, dorsal",fiber tracts,0,0,0
1256,770,phpl,"propriohypothalamic pathways, lateral",fiber tracts,0,0,0
1257,779,phpm,"propriohypothalamic pathways, medial",fiber tracts,0,0,0
1258,787,phpv,"propriohypothalamic pathways, ventral",fiber tracts,0,0,0
1259,150,pvbh,periventricular bundle of the hypothalamus,fiber tracts,0,0,0
1260,46,mfbsma,mammillary related,fiber tracts,16710,17270,459
1261,753,pm,principal mammillary tract,fiber tracts,2127,59,36
1262,690,mtt,mammillothalamic tract,fiber tracts,8280,10515,207
1263,681,mtg,mammillotegmental tract,fiber tracts,4241,5319,150
1264,673,mp,mammillary peduncle,fiber tracts,2062,1377,66
1265,1068,mfbst,dorsal thalamus related,fiber tracts,0,0,0
1266,722,pvbt,periventricular bundle of the thalamus,fiber tracts,0,0,0
1267,1083,mfbse,epithalamus related,fiber tracts,31015,31934,1083
1268,802,sm,stria medullaris,fiber tracts,17293,17327,661
1269,595,fr,fasciculus retroflexus,fiber tracts,10681,10990,364
1270,611,hbc,habenular commissure,fiber tracts,3041,3617,58
1271,730,PIS,pineal stalk,fiber tracts,0,0,0
1272,70,mfbsm,midbrain related,fiber tracts,0,0,0
1273,547,dlf,dorsal longitudinal fascicle,fiber tracts,0,0,0
1274,563,dtt,dorsal tegmental tract,fiber tracts,0,0,0
1275,73,VS,ventricular systems,ventricular systems,382178,392828,0
1276,81,VL,lateral ventricle,ventricular systems,236790,159548,0
1277,89,RC,rhinocele,ventricular systems,0,0,0
1278,98,SEZ,subependymal zone,ventricular systems,8738,0,0
1279,108,chpl,choroid plexus,ventricular systems,92456,0,0
1280,116,chfl,choroid fissure,ventricular systems,0,0,0
1281,124,IVF,interventricular foramen,ventricular systems,0,0,0
1282,129,V3,third ventricle,ventricular systems,57603,82850,0
1283,140,AQ,cerebral aqueduct,ventricular systems,25997,28584,0
1284,145,V4,fourth ventricle,ventricular systems,61757,103884,0
1285,153,V4r,lateral recess,ventricular systems,29653,53228,0
1286,164,c,"central canal, spinal cord/medulla",ventricular systems,31,80,0
1287,1024,grv,grooves,grooves,0,0,0
1288,1032,grv of CTX,grooves of the cerebral cortex,grooves,0,0,0
1289,1055,eg,endorhinal groove,grooves,0,0,0
1290,1063,hf,hippocampal fissure,grooves,0,0,0
1291,1071,rf,rhinal fissure,grooves,0,0,0
1292,1078,ri,rhinal incisure,grooves,0,0,0
1293,1040,grv of CBX,grooves of the cerebellar cortex,grooves,0,0,0
1294,1087,pce,precentral fissure,grooves,0,0,0
1295,1095,pcf,preculminate fissure,grooves,0,0,0
1296,1103,pri,primary fissure,grooves,0,0,0
1297,1112,psf,posterior superior fissure,grooves,0,0,0
1298,1119,ppf,prepyramidal fissure,grooves,0,0,0
1299,3,sec,secondary fissure,grooves,0,0,0
1300,11,plf,posterolateral fissure,grooves,0,0,0
1301,18,nf,nodular fissure,grooves,0,0,0
1302,25,sif,simple fissure,grooves,0,0,0
1303,34,icf,intercrural fissure,grooves,0,0,0
1304,43,apf,ansoparamedian fissure,grooves,0,0,0
1305,49,ipf,intraparafloccular fissure,grooves,0,0,0
1306,57,pms,paramedian sulcus,grooves,0,0,0
1307,65,pfs,parafloccular sulcus,grooves,0,0,0
1308,624,IPF,Interpeduncular fossa,grooves,0,0,0
1309,304325711,retina,retina,retina,0,0,